{
    "name": "root",
    "gauges": {
        "MoveToTarget.Policy.Entropy.mean": {
            "value": 1.383827805519104,
            "min": 1.383827805519104,
            "max": 1.415952444076538,
            "count": 5
        },
        "MoveToTarget.Environment.EpisodeLength.mean": {
            "value": 2317.75,
            "min": 157.58415841584159,
            "max": 2317.75,
            "count": 3
        },
        "MoveToTarget.Policy.ExtrinsicValueEstimate.mean": {
            "value": 0.0009229536517523229,
            "min": -0.027789583429694176,
            "max": 0.0009229536517523229,
            "count": 5
        },
        "MoveToTarget.Environment.CumulativeReward.mean": {
            "value": -1.0,
            "min": -1.0,
            "max": -1.0,
            "count": 3
        },
        "MoveToTarget.Policy.ExtrinsicReward.mean": {
            "value": -1.0,
            "min": -1.0,
            "max": -1.0,
            "count": 3
        },
        "MoveToTarget.Losses.PolicyLoss.mean": {
            "value": 0.02277294975084563,
            "min": 0.021149624798757337,
            "max": 0.024459733935073013,
            "count": 5
        },
        "MoveToTarget.Losses.ValueLoss.mean": {
            "value": 2.348402551433537e-05,
            "min": 2.348402551433537e-05,
            "max": 0.029880143275174003,
            "count": 5
        },
        "MoveToTarget.Policy.LearningRate.mean": {
            "value": 0.00016402240532588,
            "min": 0.00016402240532588,
            "max": 0.000284535005155,
            "count": 5
        },
        "MoveToTarget.Policy.Epsilon.mean": {
            "value": 0.15467412,
            "min": 0.15467412,
            "max": 0.194845,
            "count": 5
        },
        "MoveToTarget.Policy.Beta.mean": {
            "value": 0.002738238588,
            "min": 0.002738238588,
            "max": 0.004742765500000001,
            "count": 5
        },
        "MoveToTarget.IsTraining.mean": {
            "value": 1.0,
            "min": 1.0,
            "max": 1.0,
            "count": 5
        }
    },
    "metadata": {
        "timer_format_version": "0.1.0",
        "start_time_seconds": "1611844225",
        "python_version": "3.7.9 (tags/v3.7.9:13c94747c7, Aug 17 2020, 18:58:18) [MSC v.1900 64 bit (AMD64)]",
        "command_line_arguments": "C:\\Users\\iamvk\\AppData\\Local\\Programs\\Python\\Python37\\Scripts\\mlagents-learn --run-id=Test34",
        "mlagents_version": "0.23.0",
        "mlagents_envs_version": "0.23.0",
        "communication_protocol_version": "1.3.0",
        "pytorch_version": "1.7.0+cu110",
        "numpy_version": "1.18.5",
        "end_time_seconds": "1611844357"
    },
    "total": 131.93925739999997,
    "count": 1,
    "self": 0.0028827999999521126,
    "children": {
        "run_training.setup": {
            "total": 0.006846699999999983,
            "count": 1,
            "self": 0.006846699999999983
        },
        "TrainerController.start_learning": {
            "total": 131.9295279,
            "count": 1,
            "self": 0.24073029999988194,
            "children": {
                "TrainerController._reset_env": {
                    "total": 4.7742433,
                    "count": 1,
                    "self": 4.7742433
                },
                "TrainerController.advance": {
                    "total": 126.83396300000015,
                    "count": 11056,
                    "self": 0.13155509999909043,
                    "children": {
                        "env_step": {
                            "total": 126.70240790000106,
                            "count": 11056,
                            "self": 88.88191350000122,
                            "children": {
                                "SubprocessEnvManager._take_step": {
                                    "total": 37.6944300000002,
                                    "count": 11056,
                                    "self": 0.7092645000000317,
                                    "children": {
                                        "TorchPolicy.evaluate": {
                                            "total": 36.98516550000017,
                                            "count": 10881,
                                            "self": 11.07014230000037,
                                            "children": {
                                                "TorchPolicy.sample_actions": {
                                                    "total": 25.9150231999998,
                                                    "count": 10881,
                                                    "self": 25.9150231999998
                                                }
                                            }
                                        }
                                    }
                                },
                                "workers": {
                                    "total": 0.12606439999964802,
                                    "count": 11055,
                                    "self": 0.0,
                                    "children": {
                                        "worker_root": {
                                            "total": 128.08805910000038,
                                            "count": 11055,
                                            "is_parallel": true,
                                            "self": 57.692062500000105,
                                            "children": {
                                                "steps_from_proto": {
                                                    "total": 0.0007324000000004105,
                                                    "count": 1,
                                                    "is_parallel": true,
                                                    "self": 0.00012929999999977682,
                                                    "children": {
                                                        "_process_vector_observation": {
                                                            "total": 0.0006031000000006337,
                                                            "count": 4,
                                                            "is_parallel": true,
                                                            "self": 0.0006031000000006337
                                                        }
                                                    }
                                                },
                                                "UnityEnvironment.step": {
                                                    "total": 70.39526420000027,
                                                    "count": 11055,
                                                    "is_parallel": true,
                                                    "self": 1.8725121000004066,
                                                    "children": {
                                                        "UnityEnvironment._generate_step_input": {
                                                            "total": 3.0687654999996807,
                                                            "count": 11055,
                                                            "is_parallel": true,
                                                            "self": 3.0687654999996807
                                                        },
                                                        "communicator.exchange": {
                                                            "total": 59.24538699999938,
                                                            "count": 11055,
                                                            "is_parallel": true,