{
    "name": "root",
    "gauges": {
        "MoveToTarget.Policy.Entropy.mean": {
            "value": 1.4038010835647583,
            "min": 1.4038010835647583,
            "max": 1.4190046787261963,
            "count": 10
        },
        "MoveToTarget.Environment.EpisodeLength.mean": {
            "value": 7027.714285714285,
            "min": 156.07177033492823,
            "max": 13175.666666666666,
            "count": 9
        },
        "MoveToTarget.Policy.ExtrinsicValueEstimate.mean": {
            "value": -0.0021335287019610405,
            "min": -0.003742808010429144,
            "max": 0.28757792711257935,
            "count": 10
        },
        "MoveToTarget.Environment.CumulativeReward.mean": {
            "value": -1.0,
            "min": -1.0,
            "max": -1.0,
            "count": 9
        },
        "MoveToTarget.Policy.ExtrinsicReward.mean": {
            "value": -1.0,
            "min": -1.0,
            "max": -1.0,
            "count": 9
        },
        "MoveToTarget.Losses.PolicyLoss.mean": {
            "value": 0.021188159982363387,
            "min": 0.020920477060911557,
            "max": 0.026942302643631892,
            "count": 10
        },
        "MoveToTarget.Losses.ValueLoss.mean": {
            "value": 0.00010455930333894989,
            "min": 0.00010455930333894989,
            "max": 0.06697717773883292,
            "count": 10
        },
        "MoveToTarget.Policy.LearningRate.mean": {
            "value": 1.5770494743199997e-05,
            "min": 1.5770494743199997e-05,
            "max": 0.00028459755513414995,
            "count": 10
        },
        "MoveToTarget.Policy.Epsilon.mean": {
            "value": 0.10525680000000001,
            "min": 0.10525680000000001,
            "max": 0.19486585,
            "count": 10
        },
        "MoveToTarget.Policy.Beta.mean": {
            "value": 0.00027231432,
            "min": 0.00027231432,
            "max": 0.004743805914999999,
            "count": 10
        },
        "MoveToTarget.IsTraining.mean": {
            "value": 1.0,
            "min": 1.0,
            "max": 1.0,
            "count": 10
        }
    },
    "metadata": {
        "timer_format_version": "0.1.0",
        "start_time_seconds": "1611846382",
        "python_version": "3.7.9 (tags/v3.7.9:13c94747c7, Aug 17 2020, 18:58:18) [MSC v.1900 64 bit (AMD64)]",
        "command_line_arguments": "C:\\Users\\iamvk\\AppData\\Local\\Programs\\Python\\Python37\\Scripts\\mlagents-learn --run-id=Test44",
        "mlagents_version": "0.23.0",
        "mlagents_envs_version": "0.23.0",
        "communication_protocol_version": "1.3.0",
        "pytorch_version": "1.7.0+cu110",
        "numpy_version": "1.18.5",
        "end_time_seconds": "1611846647"
    },
    "total": 264.2904279,
    "count": 1,
    "self": 0.005163699999968685,
    "children": {
        "run_training.setup": {
            "total": 0.006712900000000022,
            "count": 1,
            "self": 0.006712900000000022
        },
        "TrainerController.start_learning": {
            "total": 264.2785513,
            "count": 1,
            "self": 0.439168800000175,
            "children": {
                "TrainerController._reset_env": {
                    "total": 3.2560671999999995,
                    "count": 1,
                    "self": 3.2560671999999995
                },
                "TrainerController.advance": {
                    "total": 260.5286493999998,
                    "count": 21037,
                    "self": 0.23841460000016923,
                    "children": {
                        "env_step": {
                            "total": 260.2902347999996,
                            "count": 21037,
                            "self": 187.6881121000004,
                            "children": {
                                "SubprocessEnvManager._take_step": {
                                    "total": 72.36575499999901,
                                    "count": 21037,
                                    "self": 1.3196680999974717,
                                    "children": {
                                        "TorchPolicy.evaluate": {
                                            "total": 71.04608690000154,
                                            "count": 20867,
                                            "self": 23.694513500001236,
                                            "children": {
                                                "TorchPolicy.sample_actions": {
                                                    "total": 47.351573400000305,
                                                    "count": 20867,
                                                    "self": 47.351573400000305
                                                }
                                            }
                                        }
                                    }
                                },
                                "workers": {
                                    "total": 0.23636770000018004,
                                    "count": 21037,
                                    "self": 0.0,
                                    "children": {
                                        "worker_root": {
                                            "total": 261.6063475999995,
                                            "count": 21037,
                                            "is_parallel": true,
                                            "self": 107.64638499999731,
                                            "children": {
                                                "steps_from_proto": {
                                                    "total": 0.0011532000000000764,
                                                    "count": 1,
                                                    "is_parallel": true,
                                                    "self": 0.00012929999999977682,
                                                    "children": {
                                                        "_process_vector_observation": {
                                                            "total": 0.0010239000000002996,
                                                            "count": 6,
                                                            "is_parallel": true,
                                                            "self": 0.0010239000000002996
                                                        }
                                                    }
                                                },
                                                "UnityEnvironment.step": {
                                                    "total": 153.95880940000217,
                                                    "count": 21037,
                                                    "is_parallel": true,
                                                    "self": 4.716969299999903,
                                                    "children": {
                                                        "UnityEnvironment._generate_step_input": {
                                                            "total": 5.901656899999475,
                                                            "count": 21037,
                                                            "is_parallel": true,
                                                            "self": 5.901656899999475
                                                        },
                                                        "communicator.exchange": {
                                                            "total": 124.2430459000006,
                                                            "count": 21037,
                                                            "is_parallel": true,