{
    "name": "root",
    "gauges": {
        "MoveToTarget.Policy.Entropy.mean": {
            "value": 1.406693696975708,
            "min": 1.406693696975708,
            "max": 1.4163339138031006,
            "count": 3
        },
        "MoveToTarget.Environment.EpisodeLength.mean": {
            "value": 60.34385569334837,
            "min": 60.34385569334837,
            "max": 178.9891304347826,
            "count": 3
        },
        "MoveToTarget.Policy.ExtrinsicValueEstimate.mean": {
            "value": 0.5235106945037842,
            "min": -0.44315242767333984,
            "max": 0.5235106945037842,
            "count": 3
        },
        "MoveToTarget.Environment.CumulativeReward.mean": {
            "value": 0.9142212189616253,
            "min": -0.5800711743772242,
            "max": 0.9142212189616253,
            "count": 3
        },
        "MoveToTarget.Policy.ExtrinsicReward.mean": {
            "value": 0.9142212189616253,
            "min": -0.5800711743772242,
            "max": 0.9142212189616253,
            "count": 3
        },
        "MoveToTarget.Losses.PolicyLoss.mean": {
            "value": 0.02404427934748431,
            "min": 0.02404427934748431,
            "max": 0.02446495234966278,
            "count": 3
        },
        "MoveToTarget.Losses.ValueLoss.mean": {
            "value": 0.02784827073415121,
            "min": 0.02239324483089149,
            "max": 0.02784827073415121,
            "count": 3
        },
        "MoveToTarget.Policy.LearningRate.mean": {
            "value": 0.00022598858467047996,
            "min": 0.00022598858467047996,
            "max": 0.00028460445513185,
            "count": 3
        },
        "MoveToTarget.Policy.Epsilon.mean": {
            "value": 0.17532952000000004,
            "min": 0.17532952000000004,
            "max": 0.19486815000000002,
            "count": 3
        },
        "MoveToTarget.Policy.Beta.mean": {
            "value": 0.003768943048,
            "min": 0.003768943048,
            "max": 0.004743920685,
            "count": 3
        },
        "MoveToTarget.IsTraining.mean": {
            "value": 1.0,
            "min": 1.0,
            "max": 1.0,
            "count": 3
        }
    },
    "metadata": {
        "timer_format_version": "0.1.0",
        "start_time_seconds": "1611845233",
        "python_version": "3.7.9 (tags/v3.7.9:13c94747c7, Aug 17 2020, 18:58:18) [MSC v.1900 64 bit (AMD64)]",
        "command_line_arguments": "C:\\Users\\iamvk\\AppData\\Local\\Programs\\Python\\Python37\\Scripts\\mlagents-learn --run-id=Test38",
        "mlagents_version": "0.23.0",
        "mlagents_envs_version": "0.23.0",
        "communication_protocol_version": "1.3.0",
        "pytorch_version": "1.7.0+cu110",
        "numpy_version": "1.18.5",
        "end_time_seconds": "1611845326"
    },
    "total": 93.3285221,
    "count": 1,
    "self": 0.002885200000008581,
    "children": {
        "run_training.setup": {
            "total": 0.006110400000000071,
            "count": 1,
            "self": 0.006110400000000071
        },
        "TrainerController.start_learning": {
            "total": 93.3195265,
            "count": 1,
            "self": 0.9828161000002495,
            "children": {
                "TrainerController._reset_env": {
                    "total": 4.099056999999999,
                    "count": 1,
                    "self": 4.099056999999999
                },
                "TrainerController.advance": {
                    "total": 88.16871699999975,
                    "count": 9442,
                    "self": 0.11152589999952056,
                    "children": {
                        "env_step": {
                            "total": 88.05719110000022,
                            "count": 9442,
                            "self": 64.62870580000008,
                            "children": {
                                "SubprocessEnvManager._take_step": {
                                    "total": 23.32192680000031,
                                    "count": 9442,
                                    "self": 0.5129995000000704,
                                    "children": {
                                        "TorchPolicy.evaluate": {
                                            "total": 22.80892730000024,
                                            "count": 7731,
                                            "self": 6.966493600000248,
                                            "children": {
                                                "TorchPolicy.sample_actions": {
                                                    "total": 15.84243369999999,
                                                    "count": 7731,
                                                    "self": 15.84243369999999
                                                }
                                            }
                                        }
                                    }
                                },
                                "workers": {
                                    "total": 0.10655849999984301,
                                    "count": 9441,
                                    "self": 0.0,
                                    "children": {
                                        "worker_root": {
                                            "total": 89.28399569999924,
                                            "count": 9441,
                                            "is_parallel": true,
                                            "self": 42.20330159999975,
                                            "children": {
                                                "steps_from_proto": {
                                                    "total": 0.0008667999999998344,
                                                    "count": 1,
                                                    "is_parallel": true,
                                                    "self": 0.0001228999999991487,
                                                    "children": {
                                                        "_process_vector_observation": {
                                                            "total": 0.0007439000000006857,
                                                            "count": 4,
                                                            "is_parallel": true,
                                                            "self": 0.0007439000000006857
                                                        }
                                                    }
                                                },
                                                "UnityEnvironment.step": {
                                                    "total": 47.079827299999494,
                                                    "count": 9441,
                                                    "is_parallel": true,
                                                    "self": 1.4631592999987504,
                                                    "children": {
                                                        "UnityEnvironment._generate_step_input": {
                                                            "total": 2.2768810000000226,
                                                            "count": 9441,
                                                            "is_parallel": true,
                                                            "self": 2.2768810000000226
                                                        },
                                                        "communicator.exchange": {
                                                            "total": 38.30821630000018,
                                                            "count": 9441,
                                                            "is_parallel": true,