{
    "name": "root",
    "metadata": {
        "timer_format_version": "0.1.0",
        "start_time_seconds": "1611849788",
        "python_version": "3.7.9 (tags/v3.7.9:13c94747c7, Aug 17 2020, 18:58:18) [MSC v.1900 64 bit (AMD64)]",
        "command_line_arguments": "C:\\Users\\iamvk\\AppData\\Local\\Programs\\Python\\Python37\\Scripts\\mlagents-learn --run-id=Test54",
        "mlagents_version": "0.23.0",
        "mlagents_envs_version": "0.23.0",
        "communication_protocol_version": "1.3.0",
        "pytorch_version": "1.7.0+cu110",
        "numpy_version": "1.18.5",
        "end_time_seconds": "1611849800"
    },
    "total": 12.670753099999999,
    "count": 1,
    "self": 0.002877999999999048,
    "children": {
        "run_training.setup": {
            "total": 0.006049199999999977,
            "count": 1,
            "self": 0.006049199999999977
        },
        "TrainerController.start_learning": {
            "total": 12.6618259,
            "count": 1,
            "self": 0.01197670000002482,
            "children": {
                "TrainerController._reset_env": {
                    "total": 5.9768518,
                    "count": 1,
                    "self": 5.9768518
                },
                "TrainerController.advance": {
                    "total": 6.585753599999978,
                    "count": 435,
                    "self": 0.007126899999951419,
                    "children": {
                        "env_step": {
                            "total": 6.578626700000027,
                            "count": 435,
                            "self": 4.9244872000000255,
                            "children": {
                                "SubprocessEnvManager._take_step": {
                                    "total": 1.6495966000000095,
                                    "count": 435,
                                    "self": 0.027505900000021732,
                                    "children": {
                                        "TorchPolicy.evaluate": {
                                            "total": 1.6220906999999878,
                                            "count": 354,
                                            "self": 0.5027227999999901,
                                            "children": {
                                                "TorchPolicy.sample_actions": {
                                                    "total": 1.1193678999999976,
                                                    "count": 354,
                                                    "self": 1.1193678999999976
                                                }
                                            }
                                        }
                                    }
                                },
                                "workers": {
                                    "total": 0.00454289999999169,
                                    "count": 434,
                                    "self": 0.0,
                                    "children": {
                                        "worker_root": {
                                            "total": 7.723447300000022,
                                            "count": 434,
                                            "is_parallel": true,
                                            "self": 3.972444100000036,
                                            "children": {
                                                "steps_from_proto": {
                                                    "total": 0.0011495000000003586,
                                                    "count": 1,
                                                    "is_parallel": true,
                                                    "self": 0.00012130000000087904,
                                                    "children": {
                                                        "_process_vector_observation": {
                                                            "total": 0.0010281999999994795,
                                                            "count": 4,
                                                            "is_parallel": true,
                                                            "self": 0.0010281999999994795
                                                        }
                                                    }
                                                },
                                                "UnityEnvironment.step": {
                                                    "total": 3.749853699999986,
                                                    "count": 434,
                                                    "is_parallel": true,
                                                    "self": 0.10474639999999891,
                                                    "children": {
                                                        "UnityEnvironment._generate_step_input": {
                                                            "total": 0.18320819999999927,
                                                            "count": 434,
                                                            "is_parallel": true,
                                                            "self": 0.18320819999999927
                                                        },
                                                        "communicator.exchange": {
                                                            "total": 3.0865352999999667,
                                                            "count": 434,
                                                            "is_parallel": true,
                                                            "self": 3.0865352999999667
                                                        },
                                                        "steps_from_proto": {
                                                            "total": 0.375363800000021,
                                                            "count": 434,
                                                            "is_parallel": true,
                                                            "self": 0.044159400000026494,
                                                            "children": {
                                                                "_process_vector_observation": {
                                                                    "total": 0.3312043999999945,
                                                                    "count": 1736,
                                                                    "is_parallel": true,
                                                                    "self": 0.3312043999999945
                                                                }
                                                            }
                                                        }
                                                    }
                                                }
                                            }
                                        }
                                    }
                                }
                            }
                        }
                    }
                },
                "trainer_threads": {
                    "total": 0.00022139999999915005,
                    "count": 1,
                    "self": 0.00022139999999915005,
                    "children": {
                        "thread_root": {
                            "total": 0.0,
                            "count": 0,
                            "is_parallel": true,
                            "self": 0.0,
                            "children": {
                                "trainer_advance": {
                                    "total": 6.568490299999957,