{
    "name": "root",
    "gauges": {
        "MoveToTarget.Policy.Entropy.mean": {
            "value": 1.3900604248046875,
            "min": 1.3900604248046875,
            "max": 1.3969260454177856,
            "count": 4
        },
        "MoveToTarget.Environment.EpisodeLength.mean": {
            "value": 1599.125,
            "min": 41.25438596491228,
            "max": 1599.125,
            "count": 4
        },
        "MoveToTarget.Policy.ExtrinsicValueEstimate.mean": {
            "value": 0.0009073396795429289,
            "min": 0.0009073396795429289,
            "max": 0.4787864685058594,
            "count": 4
        },
        "MoveToTarget.Environment.CumulativeReward.mean": {
            "value": -0.5,
            "min": -0.5,
            "max": -0.44505494505494503,
            "count": 4
        },
        "MoveToTarget.Policy.ExtrinsicReward.mean": {
            "value": -0.5,
            "min": -0.5,
            "max": -0.44505494505494503,
            "count": 4
        },
        "MoveToTarget.Losses.PolicyLoss.mean": {
            "value": 0.025128399265619616,
            "min": 0.024467224511317907,
            "max": 0.026843318914373714,
            "count": 4
        },
        "MoveToTarget.Losses.ValueLoss.mean": {
            "value": 0.0005341293453238904,
            "min": 0.0005341293453238904,
            "max": 0.16302474377055964,
            "count": 4
        },
        "MoveToTarget.Policy.LearningRate.mean": {
            "value": 4.694600435135999e-05,
            "min": 4.694600435135999e-05,
            "max": 0.00012430535856490003,
            "count": 4
        },
        "MoveToTarget.Policy.Epsilon.mean": {
            "value": 0.11564864000000001,
            "min": 0.11564864000000001,
            "max": 0.1414351,
            "count": 4
        },
        "MoveToTarget.Policy.Beta.mean": {
            "value": 0.0007908671359999999,
            "min": 0.0007908671359999999,
            "max": 0.00207761149,
            "count": 4
        },
        "MoveToTarget.IsTraining.mean": {
            "value": 1.0,
            "min": 1.0,
            "max": 1.0,
            "count": 4
        }
    },
    "metadata": {
        "timer_format_version": "0.1.0",
        "start_time_seconds": "1611859805",
        "python_version": "3.7.9 (tags/v3.7.9:13c94747c7, Aug 17 2020, 18:58:18) [MSC v.1900 64 bit (AMD64)]",
        "command_line_arguments": "C:\\Users\\iamvk\\AppData\\Local\\Programs\\Python\\Python37\\Scripts\\mlagents-learn --run-id=Test55 --resume",
        "mlagents_version": "0.23.0",
        "mlagents_envs_version": "0.23.0",
        "communication_protocol_version": "1.3.0",
        "pytorch_version": "1.7.0+cu110",
        "numpy_version": "1.18.5",
        "end_time_seconds": "1611859879"
    },
    "total": 73.97041039999999,
    "count": 1,
    "self": 0.002492999999986978,
    "children": {
        "run_training.setup": {
            "total": 0.01035649999999999,
            "count": 1,
            "self": 0.01035649999999999
        },
        "TrainerController.start_learning": {
            "total": 73.9575609,
            "count": 1,
            "self": 0.8038220000002383,
            "children": {
                "TrainerController._reset_env": {
                    "total": 4.3188227999999995,
                    "count": 1,
                    "self": 4.3188227999999995
                },
                "TrainerController.advance": {
                    "total": 68.74715479999976,
                    "count": 4174,
                    "self": 0.04820239999980913,
                    "children": {
                        "env_step": {
                            "total": 68.69895239999995,
                            "count": 4174,
                            "self": 55.645040599999824,
                            "children": {
                                "SubprocessEnvManager._take_step": {
                                    "total": 13.00845839999997,
                                    "count": 4174,
                                    "self": 0.2570910000003419,
                                    "children": {
                                        "TorchPolicy.evaluate": {
                                            "total": 12.751367399999628,
                                            "count": 3687,
                                            "self": 4.928255499999656,
                                            "children": {
                                                "TorchPolicy.sample_actions": {
                                                    "total": 7.823111899999972,
                                                    "count": 3687,
                                                    "self": 7.823111899999972
                                                }
                                            }
                                        }
                                    }
                                },
                                "workers": {
                                    "total": 0.04545340000016029,
                                    "count": 4173,
                                    "self": 0.0,
                                    "children": {
                                        "worker_root": {
                                            "total": 69.81792620000019,
                                            "count": 4173,
                                            "is_parallel": true,
                                            "self": 25.941857000000248,
                                            "children": {
                                                "steps_from_proto": {
                                                    "total": 0.0011548999999999587,
                                                    "count": 1,
                                                    "is_parallel": true,
                                                    "self": 0.00011939999999999173,
                                                    "children": {
                                                        "_process_vector_observation": {
                                                            "total": 0.001035499999999967,
                                                            "count": 4,
                                                            "is_parallel": true,
                                                            "self": 0.001035499999999967
                                                        }
                                                    }
                                                },
                                                "UnityEnvironment.step": {
                                                    "total": 43.874914299999936,
                                                    "count": 4173,
                                                    "is_parallel": true,
                                                    "self": 1.051765500000002,
                                                    "children": {
                                                        "UnityEnvironment._generate_step_input": {
                                                            "total": 1.8362166000001334,
                                                            "count": 4173,
                                                            "is_parallel": true,
                                                            "self": 1.8362166000001334
                                                        },
                                                        "communicator.exchange": {
                                                            "total": 37.21734119999987,
                                                            "count": 4173,
                                                            "is_parallel": true,