{
    "name": "root",
    "gauges": {
        "MoveToTarget.Policy.Entropy.mean": {
            "value": 1.414981722831726,
            "min": 1.414981722831726,
            "max": 1.414981722831726,
            "count": 1
        },
        "MoveToTarget.Environment.EpisodeLength.mean": {
            "value": 106.34913793103448,
            "min": 106.34913793103448,
            "max": 106.34913793103448,
            "count": 1
        },
        "MoveToTarget.Policy.ExtrinsicValueEstimate.mean": {
            "value": 0.5149880647659302,
            "min": 0.5149880647659302,
            "max": 0.5149880647659302,
            "count": 1
        },
        "MoveToTarget.Environment.CumulativeReward.mean": {
            "value": -0.5,
            "min": -0.5,
            "max": -0.5,
            "count": 1
        },
        "MoveToTarget.Policy.ExtrinsicReward.mean": {
            "value": -0.5,
            "min": -0.5,
            "max": -0.5,
            "count": 1
        },
        "MoveToTarget.Losses.PolicyLoss.mean": {
            "value": 0.022656939815108974,
            "min": 0.022656939815108974,
            "max": 0.022656939815108974,
            "count": 1
        },
        "MoveToTarget.Losses.ValueLoss.mean": {
            "value": 0.061416670747955024,
            "min": 0.061416670747955024,
            "max": 0.061416670747955024,
            "count": 1
        },
        "MoveToTarget.Policy.LearningRate.mean": {
            "value": 0.00028457295514235,
            "min": 0.00028457295514235,
            "max": 0.00028457295514235,
            "count": 1
        },
        "MoveToTarget.Policy.Epsilon.mean": {
            "value": 0.19485765000000002,
            "min": 0.19485765000000002,
            "max": 0.19485765000000002,
            "count": 1
        },
        "MoveToTarget.Policy.Beta.mean": {
            "value": 0.0047433967350000005,
            "min": 0.0047433967350000005,
            "max": 0.0047433967350000005,
            "count": 1
        },
        "MoveToTarget.IsTraining.mean": {
            "value": 1.0,
            "min": 1.0,
            "max": 1.0,
            "count": 1
        }
    },
    "metadata": {
        "timer_format_version": "0.1.0",
        "start_time_seconds": "1611860879",
        "python_version": "3.7.9 (tags/v3.7.9:13c94747c7, Aug 17 2020, 18:58:18) [MSC v.1900 64 bit (AMD64)]",
        "command_line_arguments": "C:\\Users\\iamvk\\AppData\\Local\\Programs\\Python\\Python37\\Scripts\\mlagents-learn --run-id=Test61",
        "mlagents_version": "0.23.0",
        "mlagents_envs_version": "0.23.0",
        "communication_protocol_version": "1.3.0",
        "pytorch_version": "1.7.0+cu110",
        "numpy_version": "1.18.5",
        "end_time_seconds": "1611860917"
    },
    "total": 37.572874199999994,
    "count": 1,
    "self": 0.0029009999999942693,
    "children": {
        "run_training.setup": {
            "total": 0.005514299999999972,
            "count": 1,
            "self": 0.005514299999999972
        },
        "TrainerController.start_learning": {
            "total": 37.5644589,
            "count": 1,
            "self": 0.051879399999947395,
            "children": {
                "TrainerController._reset_env": {
                    "total": 4.305897900000001,
                    "count": 1,
                    "self": 4.305897900000001
                },
                "TrainerController.advance": {
                    "total": 33.13216730000005,
                    "count": 2274,
                    "self": 0.025576899999990133,
                    "children": {
                        "env_step": {
                            "total": 33.10659040000006,
                            "count": 2274,
                            "self": 26.048363999999967,
                            "children": {
                                "SubprocessEnvManager._take_step": {
                                    "total": 7.0334842000001085,
                                    "count": 2274,
                                    "self": 0.14317010000011887,
                                    "children": {
                                        "TorchPolicy.evaluate": {
                                            "total": 6.89031409999999,
                                            "count": 2111,
                                            "self": 2.3279480999999604,
                                            "children": {
                                                "TorchPolicy.sample_actions": {
                                                    "total": 4.562366000000029,
                                                    "count": 2111,
                                                    "self": 4.562366000000029
                                                }
                                            }
                                        }
                                    }
                                },
                                "workers": {
                                    "total": 0.024742199999983505,
                                    "count": 2273,
                                    "self": 0.0,
                                    "children": {
                                        "worker_root": {
                                            "total": 34.19174080000004,
                                            "count": 2273,
                                            "is_parallel": true,
                                            "self": 15.985109400000066,
                                            "children": {
                                                "steps_from_proto": {
                                                    "total": 0.0010873999999998496,
                                                    "count": 1,
                                                    "is_parallel": true,
                                                    "self": 0.00010939999999992622,
                                                    "children": {
                                                        "_process_vector_observation": {
                                                            "total": 0.0009779999999999234,
                                                            "count": 4,
                                                            "is_parallel": true,
                                                            "self": 0.0009779999999999234
                                                        }
                                                    }
                                                },
                                                "UnityEnvironment.step": {
                                                    "total": 18.205543999999975,
                                                    "count": 2273,
                                                    "is_parallel": true,
                                                    "self": 0.5958829000001522,
                                                    "children": {
                                                        "UnityEnvironment._generate_step_input": {
                                                            "total": 1.0516351999999225,
                                                            "count": 2273,
                                                            "is_parallel": true,
                                                            "self": 1.0516351999999225
                                                        },
                                                        "communicator.exchange": {
                                                            "total": 14.428609199999922,
                                                            "count": 2273,
                                                            "is_parallel": true,