{
    "name": "root",
    "gauges": {
        "MoveToTarget.Policy.Entropy.mean": {
            "value": 1.3748751878738403,
            "min": 1.3748751878738403,
            "max": 1.3748751878738403,
            "count": 1
        },
        "MoveToTarget.Environment.EpisodeLength.mean": {
            "value": 43.23721590909091,
            "min": 43.23721590909091,
            "max": 43.23721590909091,
            "count": 1
        },
        "MoveToTarget.Policy.ExtrinsicValueEstimate.mean": {
            "value": 0.17547084391117096,
            "min": 0.17547084391117096,
            "max": 0.17547084391117096,
            "count": 1
        },
        "MoveToTarget.Environment.CumulativeReward.mean": {
            "value": 0.14458689458689458,
            "min": 0.14458689458689458,
            "max": 0.14458689458689458,
            "count": 1
        },
        "MoveToTarget.Policy.ExtrinsicReward.mean": {
            "value": 0.14458689458689458,
            "min": 0.14458689458689458,
            "max": 0.14458689458689458,
            "count": 1
        },
        "MoveToTarget.Losses.PolicyLoss.mean": {
            "value": 0.023535639342541492,
            "min": 0.023535639342541492,
            "max": 0.023535639342541492,
            "count": 1
        },
        "MoveToTarget.Losses.ValueLoss.mean": {
            "value": 0.1553078449434704,
            "min": 0.1553078449434704,
            "max": 0.1553078449434704,
            "count": 1
        },
        "MoveToTarget.Policy.LearningRate.mean": {
            "value": 7.468697510466672e-06,
            "min": 7.468697510466672e-06,
            "max": 7.468697510466672e-06,
            "count": 1
        },
        "MoveToTarget.Policy.Epsilon.mean": {
            "value": 0.10248953333333333,
            "min": 0.10248953333333333,
            "max": 0.10248953333333333,
            "count": 1
        },
        "MoveToTarget.Policy.Beta.mean": {
            "value": 0.0001342277133333334,
            "min": 0.0001342277133333334,
            "max": 0.0001342277133333334,
            "count": 1
        },
        "MoveToTarget.IsTraining.mean": {
            "value": 1.0,
            "min": 1.0,
            "max": 1.0,
            "count": 1
        }
    },
    "metadata": {
        "timer_format_version": "0.1.0",
        "start_time_seconds": "1611860755",
        "python_version": "3.7.9 (tags/v3.7.9:13c94747c7, Aug 17 2020, 18:58:18) [MSC v.1900 64 bit (AMD64)]",
        "command_line_arguments": "C:\\Users\\iamvk\\AppData\\Local\\Programs\\Python\\Python37\\Scripts\\mlagents-learn --run-id=Test60 --resume",
        "mlagents_version": "0.23.0",
        "mlagents_envs_version": "0.23.0",
        "communication_protocol_version": "1.3.0",
        "pytorch_version": "1.7.0+cu110",
        "numpy_version": "1.18.5",
        "end_time_seconds": "1611860771"
    },
    "total": 16.7617317,
    "count": 1,
    "self": 0.004244199999998699,
    "children": {
        "run_training.setup": {
            "total": 0.010982000000000047,
            "count": 1,
            "self": 0.010982000000000047
        },
        "TrainerController.start_learning": {
            "total": 16.7465055,
            "count": 1,
            "self": 0.027233900000020128,
            "children": {
                "TrainerController._reset_env": {
                    "total": 3.9990751999999996,
                    "count": 1,
                    "self": 3.9990751999999996
                },
                "TrainerController.advance": {
                    "total": 12.674230999999981,
                    "count": 1174,
                    "self": 0.013195299999935628,
                    "children": {
                        "env_step": {
                            "total": 12.661035700000046,
                            "count": 1174,
                            "self": 10.13719060000004,
                            "children": {
                                "SubprocessEnvManager._take_step": {
                                    "total": 2.5112309000000206,
                                    "count": 1174,
                                    "self": 0.05179199999998918,
                                    "children": {
                                        "TorchPolicy.evaluate": {
                                            "total": 2.4594389000000314,
                                            "count": 721,
                                            "self": 0.8246845000000507,
                                            "children": {
                                                "TorchPolicy.sample_actions": {
                                                    "total": 1.6347543999999807,
                                                    "count": 721,
                                                    "self": 1.6347543999999807
                                                }
                                            }
                                        }
                                    }
                                },
                                "workers": {
                                    "total": 0.012614199999984699,
                                    "count": 1174,
                                    "self": 0.0,
                                    "children": {
                                        "worker_root": {
                                            "total": 13.759996399999974,
                                            "count": 1174,
                                            "is_parallel": true,
                                            "self": 6.859802699999995,
                                            "children": {
                                                "steps_from_proto": {
                                                    "total": 0.001157899999999934,
                                                    "count": 1,
                                                    "is_parallel": true,
                                                    "self": 0.00011259999999957415,
                                                    "children": {
                                                        "_process_vector_observation": {
                                                            "total": 0.0010453000000003598,
                                                            "count": 4,
                                                            "is_parallel": true,
                                                            "self": 0.0010453000000003598
                                                        }
                                                    }
                                                },
                                                "UnityEnvironment.step": {
                                                    "total": 6.899035799999979,
                                                    "count": 1174,
                                                    "is_parallel": true,
                                                    "self": 0.22590060000000722,
                                                    "children": {
                                                        "UnityEnvironment._generate_step_input": {
                                                            "total": 0.3606953999999831,
                                                            "count": 1174,
                                                            "is_parallel": true,
                                                            "self": 0.3606953999999831
                                                        },
                                                        "communicator.exchange": {
                                                            "total": 5.518206800000006,
                                                            "count": 1174,