{
    "name": "root",
    "metadata": {
        "timer_format_version": "0.1.0",
        "start_time_seconds": "1611845186",
        "python_version": "3.7.9 (tags/v3.7.9:13c94747c7, Aug 17 2020, 18:58:18) [MSC v.1900 64 bit (AMD64)]",
        "command_line_arguments": "C:\\Users\\iamvk\\AppData\\Local\\Programs\\Python\\Python37\\Scripts\\mlagents-learn --run-id=Test37 --resume",
        "mlagents_version": "0.23.0",
        "mlagents_envs_version": "0.23.0",
        "communication_protocol_version": "1.3.0",
        "pytorch_version": "1.7.0+cu110",
        "numpy_version": "1.18.5",
        "end_time_seconds": "1611845193"
    },
    "total": 7.344447099999999,
    "count": 1,
    "self": 0.003806800000000443,
    "children": {
        "run_training.setup": {
            "total": 0.011364700000000005,
            "count": 1,
            "self": 0.011364700000000005
        },
        "TrainerController.start_learning": {
            "total": 7.329275599999999,
            "count": 1,
            "self": 0.0015262999999983151,
            "children": {
                "TrainerController._reset_env": {
                    "total": 6.8584497,
                    "count": 1,
                    "self": 6.8584497
                },
                "trainer_threads": {
                    "total": 1.039999999985497e-05,
                    "count": 1,
                    "self": 1.039999999985497e-05,
                    "children": {
                        "thread_root": {
                            "total": 0.0,
                            "count": 0,
                            "is_parallel": true,
                            "self": 0.0,
                            "children": {
                                "trainer_advance": {
                                    "total": 0.0013676000000000244,
                                    "count": 1,
                                    "is_parallel": true,
                                    "self": 5.05999999997897e-05,
                                    "children": {
                                        "process_trajectory": {
                                            "total": 0.0013170000000002346,
                                            "count": 1,
                                            "is_parallel": true,
                                            "self": 0.0013170000000002346
                                        }
                                    }
                                }
                            }
                        }
                    }
                },
                "TrainerController._save_models": {
                    "total": 0.4692892000000004,
                    "count": 1,
                    "self": 0.009692600000000162,
                    "children": {
                        "RLTrainer._checkpoint": {
                            "total": 0.45959660000000024,
                            "count": 1,
                            "self": 0.45959660000000024
                        }
                    }
                }
            }
        }
    }
}