{
    "name": "root",
    "gauges": {
        "MoveToTarget.Policy.Entropy.mean": {
            "value": 1.3977290391921997,
            "min": 1.3977290391921997,
            "max": 1.4155231714248657,
            "count": 4
        },
        "MoveToTarget.Environment.EpisodeLength.mean": {
            "value": 2430.5,
            "min": 193.11574074074073,
            "max": 2430.5,
            "count": 3
        },
        "MoveToTarget.Policy.ExtrinsicValueEstimate.mean": {
            "value": 0.037812989205121994,
            "min": 0.037812989205121994,
            "max": 0.37176403403282166,
            "count": 4
        },
        "MoveToTarget.Environment.CumulativeReward.mean": {
            "value": -1.0,
            "min": -1.0,
            "max": -1.0,
            "count": 3
        },
        "MoveToTarget.Policy.ExtrinsicReward.mean": {
            "value": -1.0,
            "min": -1.0,
            "max": -1.0,
            "count": 3
        },
        "MoveToTarget.Losses.PolicyLoss.mean": {
            "value": 0.02307291263869653,
            "min": 0.02269550108661254,
            "max": 0.02442019873919586,
            "count": 4
        },
        "MoveToTarget.Losses.ValueLoss.mean": {
            "value": 0.00036700915322095774,
            "min": 0.00036700915322095774,
            "max": 0.06742568057961762,
            "count": 4
        },
        "MoveToTarget.Policy.LearningRate.mean": {
            "value": 0.00019498803500400002,
            "min": 0.00019498803500400002,
            "max": 0.0002846164551278499,
            "count": 4
        },
        "MoveToTarget.Policy.Epsilon.mean": {
            "value": 0.16499599999999998,
            "min": 0.16499599999999998,
            "max": 0.19487215000000002,
            "count": 4
        },
        "MoveToTarget.Policy.Beta.mean": {
            "value": 0.0032533004000000003,
            "min": 0.0032533004000000003,
            "max": 0.004744120285,
            "count": 4
        },
        "MoveToTarget.IsTraining.mean": {
            "value": 1.0,
            "min": 1.0,
            "max": 1.0,
            "count": 4
        }
    },
    "metadata": {
        "timer_format_version": "0.1.0",
        "start_time_seconds": "1611847019",
        "python_version": "3.7.9 (tags/v3.7.9:13c94747c7, Aug 17 2020, 18:58:18) [MSC v.1900 64 bit (AMD64)]",
        "command_line_arguments": "C:\\Users\\iamvk\\AppData\\Local\\Programs\\Python\\Python37\\Scripts\\mlagents-learn --run-id=Test46",
        "mlagents_version": "0.23.0",
        "mlagents_envs_version": "0.23.0",
        "communication_protocol_version": "1.3.0",
        "pytorch_version": "1.7.0+cu110",
        "numpy_version": "1.18.5",
        "end_time_seconds": "1611847147"
    },
    "total": 127.7863831,
    "count": 1,
    "self": 0.0029897999999946023,
    "children": {
        "run_training.setup": {
            "total": 0.006786100000000017,
            "count": 1,
            "self": 0.006786100000000017
        },
        "TrainerController.start_learning": {
            "total": 127.7766072,
            "count": 1,
            "self": 0.22220679999975346,
            "children": {
                "TrainerController._reset_env": {
                    "total": 4.9935677,
                    "count": 1,
                    "self": 4.9935677
                },
                "TrainerController.advance": {
                    "total": 122.47727420000021,
                    "count": 10169,
                    "self": 0.11591109999957894,
                    "children": {
                        "env_step": {
                            "total": 122.36136310000063,
                            "count": 10169,
                            "self": 87.54775089999967,
                            "children": {
                                "SubprocessEnvManager._take_step": {
                                    "total": 34.69661560000036,
                                    "count": 10169,
                                    "self": 0.6293215000006072,
                                    "children": {
                                        "TorchPolicy.evaluate": {
                                            "total": 34.06729409999975,
                                            "count": 9997,
                                            "self": 11.281927999998782,
                                            "children": {
                                                "TorchPolicy.sample_actions": {
                                                    "total": 22.785366100000967,
                                                    "count": 9997,
                                                    "self": 22.785366100000967
                                                }
                                            }
                                        }
                                    }
                                },
                                "workers": {
                                    "total": 0.11699660000060597,
                                    "count": 10168,
                                    "self": 0.0,
                                    "children": {
                                        "worker_root": {
                                            "total": 123.58794929999974,
                                            "count": 10168,
                                            "is_parallel": true,
                                            "self": 52.39879740000008,
                                            "children": {
                                                "steps_from_proto": {
                                                    "total": 0.0010710000000000441,
                                                    "count": 1,
                                                    "is_parallel": true,
                                                    "self": 0.0001475999999995814,
                                                    "children": {
                                                        "_process_vector_observation": {
                                                            "total": 0.0009234000000004627,
                                                            "count": 6,
                                                            "is_parallel": true,
                                                            "self": 0.0009234000000004627
                                                        }
                                                    }
                                                },
                                                "UnityEnvironment.step": {
                                                    "total": 71.18808089999966,
                                                    "count": 10168,
                                                    "is_parallel": true,
                                                    "self": 2.2545584999996606,
                                                    "children": {
                                                        "UnityEnvironment._generate_step_input": {
                                                            "total": 2.8025630000000996,
                                                            "count": 10168,
                                                            "is_parallel": true,
                                                            "self": 2.8025630000000996
                                                        },
                                                        "communicator.exchange": {
                                                            "total": 57.16155030000013,
                                                            "count": 10168,
                                                            "is_parallel": true,