{
    "name": "root",
    "metadata": {
        "timer_format_version": "0.1.0",
        "start_time_seconds": "1611840493",
        "python_version": "3.7.9 (tags/v3.7.9:13c94747c7, Aug 17 2020, 18:58:18) [MSC v.1900 64 bit (AMD64)]",
        "command_line_arguments": "C:\\Users\\iamvk\\AppData\\Local\\Programs\\Python\\Python37\\Scripts\\mlagents-learn --run-id=Test27",
        "mlagents_version": "0.23.0",
        "mlagents_envs_version": "0.23.0",
        "communication_protocol_version": "1.3.0",
        "pytorch_version": "1.7.0+cu110",
        "numpy_version": "1.18.5",
        "end_time_seconds": "1611840600"
    },
    "total": 107.215907,
    "count": 1,
    "self": 0.0038282999999950107,
    "children": {
        "run_training.setup": {
            "total": 0.028054100000000304,
            "count": 1,
            "self": 0.028054100000000304
        },
        "TrainerController.start_learning": {
            "total": 107.1840246,
            "count": 1,
            "self": 0.0018932999999776712,
            "children": {
                "TrainerController._reset_env": {
                    "total": 19.412523200000003,
                    "count": 1,
                    "self": 19.412523200000003
                },
                "TrainerController.advance": {
                    "total": 87.68464850000001,
                    "count": 87,
                    "self": 0.0009602000000370481,
                    "children": {
                        "env_step": {
                            "total": 87.68368829999997,
                            "count": 87,
                            "self": 87.14556139999996,
                            "children": {
                                "SubprocessEnvManager._take_step": {
                                    "total": 0.5372983000000069,
                                    "count": 87,
                                    "self": 0.0051593000000131894,
                                    "children": {
                                        "TorchPolicy.evaluate": {
                                            "total": 0.5321389999999937,
                                            "count": 87,
                                            "self": 0.05074200000001383,
                                            "children": {
                                                "TorchPolicy.sample_actions": {
                                                    "total": 0.48139699999997987,
                                                    "count": 87,
                                                    "self": 0.48139699999997987
                                                }
                                            }
                                        }
                                    }
                                },
                                "workers": {
                                    "total": 0.000828600000009061,
                                    "count": 86,
                                    "self": 0.0,
                                    "children": {
                                        "worker_root": {
                                            "total": 28.869025099999984,
                                            "count": 86,
                                            "is_parallel": true,
                                            "self": 1.8151292999999917,
                                            "children": {
                                                "steps_from_proto": {
                                                    "total": 0.0007637000000002558,
                                                    "count": 1,
                                                    "is_parallel": true,
                                                    "self": 0.00010220000000060736,
                                                    "children": {
                                                        "_process_vector_observation": {
                                                            "total": 0.0006614999999996485,
                                                            "count": 4,
                                                            "is_parallel": true,
                                                            "self": 0.0006614999999996485
                                                        }
                                                    }
                                                },
                                                "UnityEnvironment.step": {
                                                    "total": 27.053132099999992,
                                                    "count": 86,
                                                    "is_parallel": true,
                                                    "self": 0.010743899999990703,
                                                    "children": {
                                                        "UnityEnvironment._generate_step_input": {
                                                            "total": 0.01928420000000486,
                                                            "count": 86,
                                                            "is_parallel": true,
                                                            "self": 0.01928420000000486
                                                        },
                                                        "communicator.exchange": {
                                                            "total": 26.990326299999996,
                                                            "count": 86,
                                                            "is_parallel": true,
                                                            "self": 26.990326299999996
                                                        },
                                                        "steps_from_proto": {
                                                            "total": 0.032777700000000465,
                                                            "count": 86,
                                                            "is_parallel": true,
                                                            "self": 0.0069970999999462435,
                                                            "children": {
                                                                "_process_vector_observation": {
                                                                    "total": 0.02578060000005422,
                                                                    "count": 344,
                                                                    "is_parallel": true,
                                                                    "self": 0.02578060000005422
                                                                }
                                                            }
                                                        }
                                                    }
                                                }
                                            }
                                        }
                                    }
                                }
                            }
                        }
                    }
                },
                "TrainerController._save_models": {
                    "total": 0.0849596000000048,
                    "count": 1,
                    "self": 0.00989840000001152,
                    "children": {
                        "RLTrainer._checkpoint": {
                            "total": 0.07506119999999328,
                            "count": 1,
                            "self": 0.07506119999999328
                        }
                    }
                }
            }
        }
    }
}