{
    "name": "root",
    "metadata": {
        "timer_format_version": "0.1.0",
        "start_time_seconds": "1611840771",
        "python_version": "3.7.9 (tags/v3.7.9:13c94747c7, Aug 17 2020, 18:58:18) [MSC v.1900 64 bit (AMD64)]",
        "command_line_arguments": "C:\\Users\\iamvk\\AppData\\Local\\Programs\\Python\\Python37\\Scripts\\mlagents-learn --run-id=Test29",
        "mlagents_version": "0.23.0",
        "mlagents_envs_version": "0.23.0",
        "communication_protocol_version": "1.3.0",
        "pytorch_version": "1.7.0+cu110",
        "numpy_version": "1.18.5",
        "end_time_seconds": "1611840825"
    },
    "total": 53.745579500000005,
    "count": 1,
    "self": 0.0029224000000098727,
    "children": {
        "run_training.setup": {
            "total": 0.0057603000000000515,
            "count": 1,
            "self": 0.0057603000000000515
        },
        "TrainerController.start_learning": {
            "total": 53.7368968,
            "count": 1,
            "self": 0.0024488000000033594,
            "children": {
                "TrainerController._reset_env": {
                    "total": 3.402274,
                    "count": 1,
                    "self": 3.402274
                },
                "TrainerController.advance": {
                    "total": 50.254681,
                    "count": 56,
                    "self": 0.0006040999999967767,
                    "children": {
                        "env_step": {
                            "total": 50.2540769,
                            "count": 56,
                            "self": 49.7870225,
                            "children": {
                                "SubprocessEnvManager._take_step": {
                                    "total": 0.466555099999999,
                                    "count": 56,
                                    "self": 0.003245299999997897,
                                    "children": {
                                        "TorchPolicy.evaluate": {
                                            "total": 0.4633098000000011,
                                            "count": 54,
                                            "self": 0.03143230000000319,
                                            "children": {
                                                "TorchPolicy.sample_actions": {
                                                    "total": 0.4318774999999979,
                                                    "count": 54,
                                                    "self": 0.4318774999999979
                                                }
                                            }
                                        }
                                    }
                                },
                                "workers": {
                                    "total": 0.0004993000000013126,
                                    "count": 55,
                                    "self": 0.0,
                                    "children": {
                                        "worker_root": {
                                            "total": 49.0293943,
                                            "count": 55,
                                            "is_parallel": true,
                                            "self": 1.6816724999999977,
                                            "children": {
                                                "steps_from_proto": {
                                                    "total": 0.0005427999999998434,
                                                    "count": 1,
                                                    "is_parallel": true,
                                                    "self": 9.989999999948651e-05,
                                                    "children": {
                                                        "_process_vector_observation": {
                                                            "total": 0.0004429000000003569,
                                                            "count": 4,
                                                            "is_parallel": true,
                                                            "self": 0.0004429000000003569
                                                        }
                                                    }
                                                },
                                                "UnityEnvironment.step": {
                                                    "total": 47.347179000000004,
                                                    "count": 55,
                                                    "is_parallel": true,
                                                    "self": 0.007748100000007696,
                                                    "children": {
                                                        "UnityEnvironment._generate_step_input": {
                                                            "total": 0.014736600000005318,
                                                            "count": 55,
                                                            "is_parallel": true,
                                                            "self": 0.014736600000005318
                                                        },
                                                        "communicator.exchange": {
                                                            "total": 47.300838799999994,
                                                            "count": 55,
                                                            "is_parallel": true,
                                                            "self": 47.300838799999994
                                                        },
                                                        "steps_from_proto": {
                                                            "total": 0.02385549999999803,
                                                            "count": 53,
                                                            "is_parallel": true,
                                                            "self": 0.004616399999989085,
                                                            "children": {
                                                                "_process_vector_observation": {
                                                                    "total": 0.019239100000008946,
                                                                    "count": 212,
                                                                    "is_parallel": true,
                                                                    "self": 0.019239100000008946
                                                                }
                                                            }
                                                        }
                                                    }
                                                }
                                            }
                                        }
                                    }
                                }
                            }
                        }
                    }
                },
                "trainer_threads": {
                    "total": 1.699999999971169e-05,
                    "count": 1,
                    "self": 1.699999999971169e-05,
                    "children": {
                        "thread_root": {
                            "total": 0.0,
                            "count": 0,
                            "is_parallel": true,
                            "self": 0.0,
                            "children": {
                                "trainer_advance": {
                                    "total": 49.92119140000081,
                                    "count": 33587,