{
    "name": "root",
    "gauges": {
        "MoveToTarget.Policy.Entropy.mean": {
            "value": 1.4045335054397583,
            "min": 1.4045335054397583,
            "max": 1.4171587228775024,
            "count": 5
        },
        "MoveToTarget.Environment.EpisodeLength.mean": {
            "value": 21.23121387283237,
            "min": 21.23121387283237,
            "max": 521.4057971014493,
            "count": 5
        },
        "MoveToTarget.Policy.ExtrinsicValueEstimate.mean": {
            "value": 0.8865540027618408,
            "min": -0.11860391497612,
            "max": 0.8865540027618408,
            "count": 5
        },
        "MoveToTarget.Environment.CumulativeReward.mean": {
            "value": 1.0,
            "min": -0.08333333333333333,
            "max": 1.0,
            "count": 5
        },
        "MoveToTarget.Policy.ExtrinsicReward.mean": {
            "value": 1.0,
            "min": -0.08333333333333333,
            "max": 1.0,
            "count": 5
        },
        "MoveToTarget.Losses.PolicyLoss.mean": {
            "value": 0.022811371594046552,
            "min": 0.021875274619087576,
            "max": 0.025057371418612702,
            "count": 5
        },
        "MoveToTarget.Losses.ValueLoss.mean": {
            "value": 0.001033793936561172,
            "min": 0.001033793936561172,
            "max": 0.026784113550093025,
            "count": 5
        },
        "MoveToTarget.Policy.LearningRate.mean": {
            "value": 0.00016444720518428,
            "min": 0.00016444720518428,
            "max": 0.00028458540513819997,
            "count": 5
        },
        "MoveToTarget.Policy.Epsilon.mean": {
            "value": 0.15481572000000005,
            "min": 0.15481572000000005,
            "max": 0.1948618,
            "count": 5
        },
        "MoveToTarget.Policy.Beta.mean": {
            "value": 0.0027453044280000005,
            "min": 0.0027453044280000005,
            "max": 0.004743603819999999,
            "count": 5
        },
        "MoveToTarget.IsTraining.mean": {
            "value": 1.0,
            "min": 1.0,
            "max": 1.0,
            "count": 5
        }
    },
    "metadata": {
        "timer_format_version": "0.1.0",
        "start_time_seconds": "1611840884",
        "python_version": "3.7.9 (tags/v3.7.9:13c94747c7, Aug 17 2020, 18:58:18) [MSC v.1900 64 bit (AMD64)]",
        "command_line_arguments": "C:\\Users\\iamvk\\AppData\\Local\\Programs\\Python\\Python37\\Scripts\\mlagents-learn --run-id=Test31",
        "mlagents_version": "0.23.0",
        "mlagents_envs_version": "0.23.0",
        "communication_protocol_version": "1.3.0",
        "pytorch_version": "1.7.0+cu110",
        "numpy_version": "1.18.5",
        "end_time_seconds": "1611841015"
    },
    "total": 130.8901723,
    "count": 1,
    "self": 0.005215600000013865,
    "children": {
        "run_training.setup": {
            "total": 0.006991599999999987,
            "count": 1,
            "self": 0.006991599999999987
        },
        "TrainerController.start_learning": {
            "total": 130.87796509999998,
            "count": 1,
            "self": 0.3608269000000064,
            "children": {
                "TrainerController._reset_env": {
                    "total": 3.6724631,
                    "count": 1,
                    "self": 3.6724631
                },
                "TrainerController.advance": {
                    "total": 126.7665038,
                    "count": 16160,
                    "self": 0.19857589999985237,
                    "children": {
                        "env_step": {
                            "total": 126.56792790000014,
                            "count": 16160,
                            "self": 93.00125909999984,
                            "children": {
                                "SubprocessEnvManager._take_step": {
                                    "total": 33.37921800000102,
                                    "count": 16160,
                                    "self": 0.7951978000013042,
                                    "children": {
                                        "TorchPolicy.evaluate": {
                                            "total": 32.58402019999971,
                                            "count": 11637,
                                            "self": 10.423467199999322,
                                            "children": {
                                                "TorchPolicy.sample_actions": {
                                                    "total": 22.16055300000039,
                                                    "count": 11637,
                                                    "self": 22.16055300000039
                                                }
                                            }
                                        }
                                    }
                                },
                                "workers": {
                                    "total": 0.18745079999927938,
                                    "count": 16159,
                                    "self": 0.0,
                                    "children": {
                                        "worker_root": {
                                            "total": 127.90800440000146,
                                            "count": 16159,
                                            "is_parallel": true,
                                            "self": 64.8044847000022,
                                            "children": {
                                                "steps_from_proto": {
                                                    "total": 0.0006078999999998835,
                                                    "count": 1,
                                                    "is_parallel": true,
                                                    "self": 0.00010980000000060386,
                                                    "children": {
                                                        "_process_vector_observation": {
                                                            "total": 0.0004980999999992797,
                                                            "count": 4,
                                                            "is_parallel": true,
                                                            "self": 0.0004980999999992797
                                                        }
                                                    }
                                                },
                                                "UnityEnvironment.step": {
                                                    "total": 63.102911799999255,
                                                    "count": 16159,
                                                    "is_parallel": true,
                                                    "self": 2.156375099997028,
                                                    "children": {
                                                        "UnityEnvironment._generate_step_input": {
                                                            "total": 3.3906486000019713,
                                                            "count": 16159,
                                                            "is_parallel": true,
                                                            "self": 3.3906486000019713
                                                        },
                                                        "communicator.exchange": {
                                                            "total": 51.23038420000039,
                                                            "count": 16159,
                                                            "is_parallel": true,