{
    "name": "root",
    "gauges": {
        "MoveToTarget.Policy.Entropy.mean": {
            "value": 1.4157594442367554,
            "min": 1.4157594442367554,
            "max": 1.4157594442367554,
            "count": 1
        },
        "MoveToTarget.Environment.EpisodeLength.mean": {
            "value": 193.83018867924528,
            "min": 193.83018867924528,
            "max": 193.83018867924528,
            "count": 1
        },
        "MoveToTarget.Policy.ExtrinsicValueEstimate.mean": {
            "value": 0.2102205455303192,
            "min": 0.2102205455303192,
            "max": 0.2102205455303192,
            "count": 1
        },
        "MoveToTarget.Environment.CumulativeReward.mean": {
            "value": -1.0,
            "min": -1.0,
            "max": -1.0,
            "count": 1
        },
        "MoveToTarget.Policy.ExtrinsicReward.mean": {
            "value": -1.0,
            "min": -1.0,
            "max": -1.0,
            "count": 1
        },
        "MoveToTarget.Losses.PolicyLoss.mean": {
            "value": 0.02577151507915308,
            "min": 0.02577151507915308,
            "max": 0.02577151507915308,
            "count": 1
        },
        "MoveToTarget.Losses.ValueLoss.mean": {
            "value": 0.041811802490459134,
            "min": 0.041811802490459134,
            "max": 0.041811802490459134,
            "count": 1
        },
        "MoveToTarget.Policy.LearningRate.mean": {
            "value": 0.00028458795513734995,
            "min": 0.00028458795513734995,
            "max": 0.00028458795513734995,
            "count": 1
        },
        "MoveToTarget.Policy.Epsilon.mean": {
            "value": 0.19486265000000005,
            "min": 0.19486265000000005,
            "max": 0.19486265000000005,
            "count": 1
        },
        "MoveToTarget.Policy.Beta.mean": {
            "value": 0.004743646235000001,
            "min": 0.004743646235000001,
            "max": 0.004743646235000001,
            "count": 1
        },
        "MoveToTarget.IsTraining.mean": {
            "value": 1.0,
            "min": 1.0,
            "max": 1.0,
            "count": 1
        }
    },
    "metadata": {
        "timer_format_version": "0.1.0",
        "start_time_seconds": "1611846323",
        "python_version": "3.7.9 (tags/v3.7.9:13c94747c7, Aug 17 2020, 18:58:18) [MSC v.1900 64 bit (AMD64)]",
        "command_line_arguments": "C:\\Users\\iamvk\\AppData\\Local\\Programs\\Python\\Python37\\Scripts\\mlagents-learn --run-id=Test43",
        "mlagents_version": "0.23.0",
        "mlagents_envs_version": "0.23.0",
        "communication_protocol_version": "1.3.0",
        "pytorch_version": "1.7.0+cu110",
        "numpy_version": "1.18.5",
        "end_time_seconds": "1611846369"
    },
    "total": 45.3795264,
    "count": 1,
    "self": 0.0033397000000050525,
    "children": {
        "run_training.setup": {
            "total": 0.006264799999999959,
            "count": 1,
            "self": 0.006264799999999959
        },
        "TrainerController.start_learning": {
            "total": 45.3699219,
            "count": 1,
            "self": 0.0728282000000604,
            "children": {
                "TrainerController._reset_env": {
                    "total": 4.295696400000001,
                    "count": 1,
                    "self": 4.295696400000001
                },
                "TrainerController.advance": {
                    "total": 40.91672179999995,
                    "count": 3270,
                    "self": 0.03768640000005519,
                    "children": {
                        "env_step": {
                            "total": 40.87903539999989,
                            "count": 3270,
                            "self": 29.855939499999703,
                            "children": {
                                "SubprocessEnvManager._take_step": {
                                    "total": 10.986726300000097,
                                    "count": 3270,
                                    "self": 0.20024650000015143,
                                    "children": {
                                        "TorchPolicy.evaluate": {
                                            "total": 10.786479799999945,
                                            "count": 3161,
                                            "self": 3.464876799999834,
                                            "children": {
                                                "TorchPolicy.sample_actions": {
                                                    "total": 7.3216030000001115,
                                                    "count": 3161,
                                                    "self": 7.3216030000001115
                                                }
                                            }
                                        }
                                    }
                                },
                                "workers": {
                                    "total": 0.03636960000009193,
                                    "count": 3269,
                                    "self": 0.0,
                                    "children": {
                                        "worker_root": {
                                            "total": 42.04621369999986,
                                            "count": 3269,
                                            "is_parallel": true,
                                            "self": 17.280455499999974,
                                            "children": {
                                                "steps_from_proto": {
                                                    "total": 0.0011841000000001323,
                                                    "count": 1,
                                                    "is_parallel": true,
                                                    "self": 0.00017120000000048208,
                                                    "children": {
                                                        "_process_vector_observation": {
                                                            "total": 0.0010128999999996502,
                                                            "count": 6,
                                                            "is_parallel": true,
                                                            "self": 0.0010128999999996502
                                                        }
                                                    }
                                                },
                                                "UnityEnvironment.step": {
                                                    "total": 24.764574099999887,
                                                    "count": 3269,
                                                    "is_parallel": true,
                                                    "self": 0.7227888000000924,
                                                    "children": {
                                                        "UnityEnvironment._generate_step_input": {
                                                            "total": 0.8878864000000206,
                                                            "count": 3269,
                                                            "is_parallel": true,
                                                            "self": 0.8878864000000206
                                                        },
                                                        "communicator.exchange": {
                                                            "total": 20.229487399999964,
                                                            "count": 3269,
                                                            "is_parallel": true,