{
    "name": "root",
    "gauges": {
        "MoveToTarget.Policy.Entropy.mean": {
            "value": 1.406810998916626,
            "min": 1.406810998916626,
            "max": 1.4170583486557007,
            "count": 3
        },
        "MoveToTarget.Environment.EpisodeLength.mean": {
            "value": 629.0,
            "min": 111.11290322580645,
            "max": 629.0,
            "count": 2
        },
        "MoveToTarget.Policy.ExtrinsicValueEstimate.mean": {
            "value": -0.07023011147975922,
            "min": -0.20865947008132935,
            "max": -0.07023011147975922,
            "count": 3
        },
        "MoveToTarget.Environment.CumulativeReward.mean": {
            "value": -1.0,
            "min": -1.0,
            "max": -1.0,
            "count": 2
        },
        "MoveToTarget.Policy.ExtrinsicReward.mean": {
            "value": -1.0,
            "min": -1.0,
            "max": -1.0,
            "count": 2
        },
        "MoveToTarget.Losses.PolicyLoss.mean": {
            "value": 0.020025587974426648,
            "min": 0.020025587974426648,
            "max": 0.02452473210946967,
            "count": 3
        },
        "MoveToTarget.Losses.ValueLoss.mean": {
            "value": 0.00021618322876747697,
            "min": 0.00021618322876747697,
            "max": 0.040518695830057065,
            "count": 3
        },
        "MoveToTarget.Policy.LearningRate.mean": {
            "value": 0.00022584446471852004,
            "min": 0.00022584446471852004,
            "max": 0.00028461510512830005,
            "count": 3
        },
        "MoveToTarget.Policy.Epsilon.mean": {
            "value": 0.17528148000000002,
            "min": 0.17528148000000002,
            "max": 0.19487170000000006,
            "count": 3
        },
        "MoveToTarget.Policy.Beta.mean": {
            "value": 0.003766545852,
            "min": 0.003766545852,
            "max": 0.004744097829999999,
            "count": 3
        },
        "MoveToTarget.IsTraining.mean": {
            "value": 1.0,
            "min": 1.0,
            "max": 1.0,
            "count": 3
        }
    },
    "metadata": {
        "timer_format_version": "0.1.0",
        "start_time_seconds": "1611844719",
        "python_version": "3.7.9 (tags/v3.7.9:13c94747c7, Aug 17 2020, 18:58:18) [MSC v.1900 64 bit (AMD64)]",
        "command_line_arguments": "C:\\Users\\iamvk\\AppData\\Local\\Programs\\Python\\Python37\\Scripts\\mlagents-learn --run-id=Test36",
        "mlagents_version": "0.23.0",
        "mlagents_envs_version": "0.23.0",
        "communication_protocol_version": "1.3.0",
        "pytorch_version": "1.7.0+cu110",
        "numpy_version": "1.18.5",
        "end_time_seconds": "1611844811"
    },
    "total": 92.43693689999999,
    "count": 1,
    "self": 0.005186099999988869,
    "children": {
        "run_training.setup": {
            "total": 0.006969299999999956,
            "count": 1,
            "self": 0.006969299999999956
        },
        "TrainerController.start_learning": {
            "total": 92.42478150000001,
            "count": 1,
            "self": 0.1809706999996763,
            "children": {
                "TrainerController._reset_env": {
                    "total": 4.9523021,
                    "count": 1,
                    "self": 4.9523021
                },
                "TrainerController.advance": {
                    "total": 87.21721080000033,
                    "count": 8074,
                    "self": 0.09391040000051021,
                    "children": {
                        "env_step": {
                            "total": 87.12330039999982,
                            "count": 8074,
                            "self": 60.84443740000074,
                            "children": {
                                "SubprocessEnvManager._take_step": {
                                    "total": 26.189252099999475,
                                    "count": 8074,
                                    "self": 0.5138068999994019,
                                    "children": {
                                        "TorchPolicy.evaluate": {
                                            "total": 25.675445200000073,
                                            "count": 7854,
                                            "self": 7.564300400000512,
                                            "children": {
                                                "TorchPolicy.sample_actions": {
                                                    "total": 18.11114479999956,
                                                    "count": 7854,
                                                    "self": 18.11114479999956
                                                }
                                            }
                                        }
                                    }
                                },
                                "workers": {
                                    "total": 0.08961089999960059,
                                    "count": 8073,
                                    "self": 0.0,
                                    "children": {
                                        "worker_root": {
                                            "total": 88.35273810000005,
                                            "count": 8073,
                                            "is_parallel": true,
                                            "self": 40.92052269999973,
                                            "children": {
                                                "steps_from_proto": {
                                                    "total": 0.0008037000000000738,
                                                    "count": 1,
                                                    "is_parallel": true,
                                                    "self": 0.00011330000000064899,
                                                    "children": {
                                                        "_process_vector_observation": {
                                                            "total": 0.0006903999999994248,
                                                            "count": 4,
                                                            "is_parallel": true,
                                                            "self": 0.0006903999999994248
                                                        }
                                                    }
                                                },
                                                "UnityEnvironment.step": {
                                                    "total": 47.431411700000325,
                                                    "count": 8073,
                                                    "is_parallel": true,
                                                    "self": 1.3673625000004677,
                                                    "children": {
                                                        "UnityEnvironment._generate_step_input": {
                                                            "total": 2.2795343999997204,
                                                            "count": 8073,
                                                            "is_parallel": true,
                                                            "self": 2.2795343999997204
                                                        },
                                                        "communicator.exchange": {
                                                            "total": 38.993020199999904,
                                                            "count": 8073,
                                                            "is_parallel": true,