{
    "name": "root",
    "gauges": {
        "MoveToTarget.Policy.Entropy.mean": {
            "value": 1.3838244676589966,
            "min": 1.3838244676589966,
            "max": 1.4151585102081299,
            "count": 10
        },
        "MoveToTarget.Environment.EpisodeLength.mean": {
            "value": 2004.4444444444443,
            "min": 163.16336633663366,
            "max": 13530.0,
            "count": 5
        },
        "MoveToTarget.Policy.ExtrinsicValueEstimate.mean": {
            "value": -0.00799365434795618,
            "min": -0.4649982452392578,
            "max": -0.002680476289242506,
            "count": 10
        },
        "MoveToTarget.Environment.CumulativeReward.mean": {
            "value": -1.0,
            "min": -1.0,
            "max": -1.0,
            "count": 5
        },
        "MoveToTarget.Policy.ExtrinsicReward.mean": {
            "value": -1.0,
            "min": -1.0,
            "max": -1.0,
            "count": 5
        },
        "MoveToTarget.Losses.PolicyLoss.mean": {
            "value": 0.02377311182208359,
            "min": 0.020952571408512692,
            "max": 0.025373484063893552,
            "count": 10
        },
        "MoveToTarget.Losses.ValueLoss.mean": {
            "value": 0.0008153092983896688,
            "min": 3.5050062324444296e-05,
            "max": 0.012854353650861109,
            "count": 10
        },
        "MoveToTarget.Policy.LearningRate.mean": {
            "value": 1.5143734952119993e-05,
            "min": 1.5143734952119993e-05,
            "max": 0.00028458765513745,
            "count": 10
        },
        "MoveToTarget.Policy.Epsilon.mean": {
            "value": 0.10504788000000002,
            "min": 0.10504788000000002,
            "max": 0.19486255000000002,
            "count": 10
        },
        "MoveToTarget.Policy.Beta.mean": {
            "value": 0.00026188921200000003,
            "min": 0.00026188921200000003,
            "max": 0.004743641245,
            "count": 10
        },
        "MoveToTarget.IsTraining.mean": {
            "value": 1.0,
            "min": 1.0,
            "max": 1.0,
            "count": 10
        }
    },
    "metadata": {
        "timer_format_version": "0.1.0",
        "start_time_seconds": "1611845983",
        "python_version": "3.7.9 (tags/v3.7.9:13c94747c7, Aug 17 2020, 18:58:18) [MSC v.1900 64 bit (AMD64)]",
        "command_line_arguments": "C:\\Users\\iamvk\\AppData\\Local\\Programs\\Python\\Python37\\Scripts\\mlagents-learn --run-id=Test42",
        "mlagents_version": "0.23.0",
        "mlagents_envs_version": "0.23.0",
        "communication_protocol_version": "1.3.0",
        "pytorch_version": "1.7.0+cu110",
        "numpy_version": "1.18.5",
        "end_time_seconds": "1611846217"
    },
    "total": 234.7567122,
    "count": 1,
    "self": 0.006193499999994856,
    "children": {
        "run_training.setup": {
            "total": 0.007669199999999932,
            "count": 1,
            "self": 0.007669199999999932
        },
        "TrainerController.start_learning": {
            "total": 234.7428495,
            "count": 1,
            "self": 0.47113859999979013,
            "children": {
                "TrainerController._reset_env": {
                    "total": 4.2602199,
                    "count": 1,
                    "self": 4.2602199
                },
                "TrainerController.advance": {
                    "total": 229.9612776000002,
                    "count": 21022,
                    "self": 0.242811600001005,
                    "children": {
                        "env_step": {
                            "total": 229.71846599999918,
                            "count": 21022,
                            "self": 159.32958429999843,
                            "children": {
                                "SubprocessEnvManager._take_step": {
                                    "total": 70.14500449999842,
                                    "count": 21022,
                                    "self": 1.3362178999985872,
                                    "children": {
                                        "TorchPolicy.evaluate": {
                                            "total": 68.80878659999983,
                                            "count": 20866,
                                            "self": 20.267403600000073,
                                            "children": {
                                                "TorchPolicy.sample_actions": {
                                                    "total": 48.54138299999976,
                                                    "count": 20866,
                                                    "self": 48.54138299999976
                                                }
                                            }
                                        }
                                    }
                                },
                                "workers": {
                                    "total": 0.24387720000235102,
                                    "count": 21022,
                                    "self": 0.0,
                                    "children": {
                                        "worker_root": {
                                            "total": 231.10747280000047,
                                            "count": 21022,
                                            "is_parallel": true,
                                            "self": 106.20742869999943,
                                            "children": {
                                                "steps_from_proto": {
                                                    "total": 0.0008240000000001579,
                                                    "count": 1,
                                                    "is_parallel": true,
                                                    "self": 0.0001690999999999221,
                                                    "children": {
                                                        "_process_vector_observation": {
                                                            "total": 0.0006549000000002358,
                                                            "count": 4,
                                                            "is_parallel": true,
                                                            "self": 0.0006549000000002358
                                                        }
                                                    }
                                                },
                                                "UnityEnvironment.step": {
                                                    "total": 124.89922010000105,
                                                    "count": 21022,
                                                    "is_parallel": true,
                                                    "self": 3.883839900002073,
                                                    "children": {
                                                        "UnityEnvironment._generate_step_input": {
                                                            "total": 6.293604499999769,
                                                            "count": 21022,
                                                            "is_parallel": true,
                                                            "self": 6.293604499999769
                                                        },
                                                        "communicator.exchange": {
                                                            "total": 102.07024499999999,
                                                            "count": 21022,
                                                            "is_parallel": true,