{
    "name": "root",
    "gauges": {
        "MoveToTarget.Policy.Entropy.mean": {
            "value": 1.4090160131454468,
            "min": 1.4090160131454468,
            "max": 1.416420340538025,
            "count": 2
        },
        "MoveToTarget.Environment.EpisodeLength.mean": {
            "value": 1197.888888888889,
            "min": 196.73202614379085,
            "max": 1197.888888888889,
            "count": 2
        },
        "MoveToTarget.Policy.ExtrinsicValueEstimate.mean": {
            "value": 0.008700015023350716,
            "min": 0.003513004630804062,
            "max": 0.008700015023350716,
            "count": 2
        },
        "MoveToTarget.Environment.CumulativeReward.mean": {
            "value": -1.0,
            "min": -1.0,
            "max": -1.0,
            "count": 2
        },
        "MoveToTarget.Policy.ExtrinsicReward.mean": {
            "value": -1.0,
            "min": -1.0,
            "max": -1.0,
            "count": 2
        },
        "MoveToTarget.Losses.PolicyLoss.mean": {
            "value": 0.02388939695743223,
            "min": 0.022267998401851702,
            "max": 0.02388939695743223,
            "count": 2
        },
        "MoveToTarget.Losses.ValueLoss.mean": {
            "value": 0.0014738955534994603,
            "min": 0.0014738955534994603,
            "max": 0.03061627836044257,
            "count": 2
        },
        "MoveToTarget.Policy.LearningRate.mean": {
            "value": 0.00025674661441780003,
            "min": 0.00025674661441780003,
            "max": 0.00028459290513569997,
            "count": 2
        },
        "MoveToTarget.Policy.Epsilon.mean": {
            "value": 0.18558220000000003,
            "min": 0.18558220000000003,
            "max": 0.1948643,
            "count": 2
        },
        "MoveToTarget.Policy.Beta.mean": {
            "value": 0.00428055178,
            "min": 0.00428055178,
            "max": 0.0047437285699999995,
            "count": 2
        },
        "MoveToTarget.IsTraining.mean": {
            "value": 1.0,
            "min": 1.0,
            "max": 1.0,
            "count": 2
        }
    },
    "metadata": {
        "timer_format_version": "0.1.0",
        "start_time_seconds": "1611845881",
        "python_version": "3.7.9 (tags/v3.7.9:13c94747c7, Aug 17 2020, 18:58:18) [MSC v.1900 64 bit (AMD64)]",
        "command_line_arguments": "C:\\Users\\iamvk\\AppData\\Local\\Programs\\Python\\Python37\\Scripts\\mlagents-learn --run-id=Test41",
        "mlagents_version": "0.23.0",
        "mlagents_envs_version": "0.23.0",
        "communication_protocol_version": "1.3.0",
        "pytorch_version": "1.7.0+cu110",
        "numpy_version": "1.18.5",
        "end_time_seconds": "1611845944"
    },
    "total": 63.0976001,
    "count": 1,
    "self": 0.003576300000005972,
    "children": {
        "run_training.setup": {
            "total": 0.0064797999999999245,
            "count": 1,
            "self": 0.0064797999999999245
        },
        "TrainerController.start_learning": {
            "total": 63.087543999999994,
            "count": 1,
            "self": 0.878516100000148,
            "children": {
                "TrainerController._reset_env": {
                    "total": 4.5092943,
                    "count": 1,
                    "self": 4.5092943
                },
                "TrainerController.advance": {
                    "total": 57.60328509999985,
                    "count": 4869,
                    "self": 0.0552961000000991,
                    "children": {
                        "env_step": {
                            "total": 57.54798899999975,
                            "count": 4869,
                            "self": 41.52168539999965,
                            "children": {
                                "SubprocessEnvManager._take_step": {
                                    "total": 15.971897499999749,
                                    "count": 4869,
                                    "self": 0.2999688999994099,
                                    "children": {
                                        "TorchPolicy.evaluate": {
                                            "total": 15.671928600000339,
                                            "count": 4751,
                                            "self": 4.643850100000364,
                                            "children": {
                                                "TorchPolicy.sample_actions": {
                                                    "total": 11.028078499999975,
                                                    "count": 4751,
                                                    "self": 11.028078499999975
                                                }
                                            }
                                        }
                                    }
                                },
                                "workers": {
                                    "total": 0.054406100000356616,
                                    "count": 4868,
                                    "self": 0.0,
                                    "children": {
                                        "worker_root": {
                                            "total": 58.52795770000005,
                                            "count": 4868,
                                            "is_parallel": true,
                                            "self": 24.50762129999994,
                                            "children": {
                                                "steps_from_proto": {
                                                    "total": 0.0007474000000002867,
                                                    "count": 1,
                                                    "is_parallel": true,
                                                    "self": 9.370000000075152e-05,
                                                    "children": {
                                                        "_process_vector_observation": {
                                                            "total": 0.0006536999999995352,
                                                            "count": 4,
                                                            "is_parallel": true,
                                                            "self": 0.0006536999999995352
                                                        }
                                                    }
                                                },
                                                "UnityEnvironment.step": {
                                                    "total": 34.01958900000011,
                                                    "count": 4868,
                                                    "is_parallel": true,
                                                    "self": 0.838980099999894,
                                                    "children": {
                                                        "UnityEnvironment._generate_step_input": {
                                                            "total": 1.3458915000000413,
                                                            "count": 4868,
                                                            "is_parallel": true,
                                                            "self": 1.3458915000000413
                                                        },
                                                        "communicator.exchange": {
                                                            "total": 28.97442470000022,
                                                            "count": 4868,
                                                            "is_parallel": true,