{
    "name": "root",
    "gauges": {
        "MoveToTarget.Policy.Entropy.mean": {
            "value": 1.4095959663391113,
            "min": 1.4095959663391113,
            "max": 1.4170206785202026,
            "count": 2
        },
        "MoveToTarget.Environment.EpisodeLength.mean": {
            "value": 422.44,
            "min": 72.92814371257485,
            "max": 422.44,
            "count": 2
        },
        "MoveToTarget.Policy.ExtrinsicValueEstimate.mean": {
            "value": 0.07491032034158707,
            "min": 0.07491032034158707,
            "max": 0.30268537998199463,
            "count": 2
        },
        "MoveToTarget.Environment.CumulativeReward.mean": {
            "value": -0.5,
            "min": -0.5,
            "max": -0.5,
            "count": 2
        },
        "MoveToTarget.Policy.ExtrinsicReward.mean": {
            "value": -0.5,
            "min": -0.5,
            "max": -0.5,
            "count": 2
        },
        "MoveToTarget.Losses.PolicyLoss.mean": {
            "value": 0.0235789395791168,
            "min": 0.0235789395791168,
            "max": 0.023660896446866295,
            "count": 2
        },
        "MoveToTarget.Losses.ValueLoss.mean": {
            "value": 0.0025564200909381422,
            "min": 0.0025564200909381422,
            "max": 0.05737493567479153,
            "count": 2
        },
        "MoveToTarget.Policy.LearningRate.mean": {
            "value": 0.00025679629440123993,
            "min": 0.00025679629440123993,
            "max": 0.000284604005132,
            "count": 2
        },
        "MoveToTarget.Policy.Epsilon.mean": {
            "value": 0.18559876000000003,
            "min": 0.18559876000000003,
            "max": 0.19486800000000007,
            "count": 2
        },
        "MoveToTarget.Policy.Beta.mean": {
            "value": 0.004281378123999999,
            "min": 0.004281378123999999,
            "max": 0.004743913200000001,
            "count": 2
        },
        "MoveToTarget.IsTraining.mean": {
            "value": 1.0,
            "min": 1.0,
            "max": 1.0,
            "count": 2
        }
    },
    "metadata": {
        "timer_format_version": "0.1.0",
        "start_time_seconds": "1611859898",
        "python_version": "3.7.9 (tags/v3.7.9:13c94747c7, Aug 17 2020, 18:58:18) [MSC v.1900 64 bit (AMD64)]",
        "command_line_arguments": "C:\\Users\\iamvk\\AppData\\Local\\Programs\\Python\\Python37\\Scripts\\mlagents-learn --run-id=Test56",
        "mlagents_version": "0.23.0",
        "mlagents_envs_version": "0.23.0",
        "communication_protocol_version": "1.3.0",
        "pytorch_version": "1.7.0+cu110",
        "numpy_version": "1.18.5",
        "end_time_seconds": "1611859955"
    },
    "total": 57.0238675,
    "count": 1,
    "self": 0.0034047999999984313,
    "children": {
        "run_training.setup": {
            "total": 0.007758799999999955,
            "count": 1,
            "self": 0.007758799999999955
        },
        "TrainerController.start_learning": {
            "total": 57.012703900000005,
            "count": 1,
            "self": 0.08736730000000392,
            "children": {
                "TrainerController._reset_env": {
                    "total": 5.1864254,
                    "count": 1,
                    "self": 5.1864254
                },
                "TrainerController.advance": {
                    "total": 51.6641682,
                    "count": 3488,
                    "self": 0.0421500000000421,
                    "children": {
                        "env_step": {
                            "total": 51.62201819999996,
                            "count": 3488,
                            "self": 41.01273370000004,
                            "children": {
                                "SubprocessEnvManager._take_step": {
                                    "total": 10.57022080000008,
                                    "count": 3488,
                                    "self": 0.2289803999999105,
                                    "children": {
                                        "TorchPolicy.evaluate": {
                                            "total": 10.341240400000169,
                                            "count": 3127,
                                            "self": 3.8569222000002163,
                                            "children": {
                                                "TorchPolicy.sample_actions": {
                                                    "total": 6.484318199999953,
                                                    "count": 3127,
                                                    "self": 6.484318199999953
                                                }
                                            }
                                        }
                                    }
                                },
                                "workers": {
                                    "total": 0.03906369999983994,
                                    "count": 3487,
                                    "self": 0.0,
                                    "children": {
                                        "worker_root": {
                                            "total": 52.74855109999997,
                                            "count": 3487,
                                            "is_parallel": true,
                                            "self": 24.183854600000117,
                                            "children": {
                                                "steps_from_proto": {
                                                    "total": 0.0011220000000005115,
                                                    "count": 1,
                                                    "is_parallel": true,
                                                    "self": 0.00016020000000072088,
                                                    "children": {
                                                        "_process_vector_observation": {
                                                            "total": 0.0009617999999997906,
                                                            "count": 4,
                                                            "is_parallel": true,
                                                            "self": 0.0009617999999997906
                                                        }
                                                    }
                                                },
                                                "UnityEnvironment.step": {
                                                    "total": 28.563574499999856,
                                                    "count": 3487,
                                                    "is_parallel": true,
                                                    "self": 0.8763017000000524,
                                                    "children": {
                                                        "UnityEnvironment._generate_step_input": {
                                                            "total": 1.5993713999998667,
                                                            "count": 3487,
                                                            "is_parallel": true,
                                                            "self": 1.5993713999998667
                                                        },
                                                        "communicator.exchange": {
                                                            "total": 22.831695299999964,
                                                            "count": 3487,
                                                            "is_parallel": true,