{
    "name": "root",
    "gauges": {
        "MoveToTarget.Policy.Entropy.mean": {
            "value": 1.3998136520385742,
            "min": 1.3998136520385742,
            "max": 1.4167280197143555,
            "count": 3
        },
        "MoveToTarget.Environment.EpisodeLength.mean": {
            "value": 3332.0,
            "min": 143.06422018348624,
            "max": 3332.0,
            "count": 2
        },
        "MoveToTarget.Policy.ExtrinsicValueEstimate.mean": {
            "value": -0.0010662006679922342,
            "min": -0.028029289096593857,
            "max": -0.0010662006679922342,
            "count": 3
        },
        "MoveToTarget.Environment.CumulativeReward.mean": {
            "value": -1.0,
            "min": -1.0,
            "max": -1.0,
            "count": 2
        },
        "MoveToTarget.Policy.ExtrinsicReward.mean": {
            "value": -1.0,
            "min": -1.0,
            "max": -1.0,
            "count": 2
        },
        "MoveToTarget.Losses.PolicyLoss.mean": {
            "value": 0.022930739309328298,
            "min": 0.022930739309328298,
            "max": 0.025542188765636336,
            "count": 3
        },
        "MoveToTarget.Losses.ValueLoss.mean": {
            "value": 0.00010698821458693904,
            "min": 0.00010698821458693904,
            "max": 0.018299733319630224,
            "count": 3
        },
        "MoveToTarget.Policy.LearningRate.mean": {
            "value": 0.00022580978473008,
            "min": 0.00022580978473008,
            "max": 0.0002845555551481499,
            "count": 3
        },
        "MoveToTarget.Policy.Epsilon.mean": {
            "value": 0.17526992000000002,
            "min": 0.17526992000000002,
            "max": 0.19485185000000002,
            "count": 3
        },
        "MoveToTarget.Policy.Beta.mean": {
            "value": 0.003765969008000001,
            "min": 0.003765969008000001,
            "max": 0.004743107315,
            "count": 3
        },
        "MoveToTarget.IsTraining.mean": {
            "value": 1.0,
            "min": 1.0,
            "max": 1.0,
            "count": 3
        }
    },
    "metadata": {
        "timer_format_version": "0.1.0",
        "start_time_seconds": "1611845395",
        "python_version": "3.7.9 (tags/v3.7.9:13c94747c7, Aug 17 2020, 18:58:18) [MSC v.1900 64 bit (AMD64)]",
        "command_line_arguments": "C:\\Users\\iamvk\\AppData\\Local\\Programs\\Python\\Python37\\Scripts\\mlagents-learn --run-id=Test39",
        "mlagents_version": "0.23.0",
        "mlagents_envs_version": "0.23.0",
        "communication_protocol_version": "1.3.0",
        "pytorch_version": "1.7.0+cu110",
        "numpy_version": "1.18.5",
        "end_time_seconds": "1611845598"
    },
    "total": 202.5229541,
    "count": 1,
    "self": 0.0035089999999797783,
    "children": {
        "run_training.setup": {
            "total": 0.006018599999999985,
            "count": 1,
            "self": 0.006018599999999985
        },
        "TrainerController.start_learning": {
            "total": 202.5134265,
            "count": 1,
            "self": 0.1422503000000006,
            "children": {
                "TrainerController._reset_env": {
                    "total": 5.8320401,
                    "count": 1,
                    "self": 5.8320401
                },
                "TrainerController.advance": {
                    "total": 196.4575385,
                    "count": 6370,
                    "self": 0.07883919999986233,
                    "children": {
                        "env_step": {
                            "total": 196.37869930000014,
                            "count": 6370,
                            "self": 174.99839219999956,
                            "children": {
                                "SubprocessEnvManager._take_step": {
                                    "total": 21.30898730000018,
                                    "count": 6370,
                                    "self": 0.4156499999998644,
                                    "children": {
                                        "TorchPolicy.evaluate": {
                                            "total": 20.893337300000315,
                                            "count": 6290,
                                            "self": 6.328412699999733,
                                            "children": {
                                                "TorchPolicy.sample_actions": {
                                                    "total": 14.564924600000582,
                                                    "count": 6290,
                                                    "self": 14.564924600000582
                                                }
                                            }
                                        }
                                    }
                                },
                                "workers": {
                                    "total": 0.07131980000039917,
                                    "count": 6369,
                                    "self": 0.0,
                                    "children": {
                                        "worker_root": {
                                            "total": 71.99231609999978,
                                            "count": 6369,
                                            "is_parallel": true,
                                            "self": 33.095452099999704,
                                            "children": {
                                                "steps_from_proto": {
                                                    "total": 0.0007181000000002769,
                                                    "count": 1,
                                                    "is_parallel": true,
                                                    "self": 0.00011770000000055347,
                                                    "children": {
                                                        "_process_vector_observation": {
                                                            "total": 0.0006003999999997234,
                                                            "count": 4,
                                                            "is_parallel": true,
                                                            "self": 0.0006003999999997234
                                                        }
                                                    }
                                                },
                                                "UnityEnvironment.step": {
                                                    "total": 38.89614590000008,
                                                    "count": 6369,
                                                    "is_parallel": true,
                                                    "self": 1.1265896000007274,
                                                    "children": {
                                                        "UnityEnvironment._generate_step_input": {
                                                            "total": 1.8059585999995633,
                                                            "count": 6369,
                                                            "is_parallel": true,
                                                            "self": 1.8059585999995633
                                                        },
                                                        "communicator.exchange": {
                                                            "total": 32.11603419999976,
                                                            "count": 6369,
                                                            "is_parallel": true,