{
    "name": "root",
    "metadata": {
        "timer_format_version": "0.1.0",
        "start_time_seconds": "1611847851",
        "python_version": "3.7.9 (tags/v3.7.9:13c94747c7, Aug 17 2020, 18:58:18) [MSC v.1900 64 bit (AMD64)]",
        "command_line_arguments": "C:\\Users\\iamvk\\AppData\\Local\\Programs\\Python\\Python37\\Scripts\\mlagents-learn --run-id=Test51",
        "mlagents_version": "0.23.0",
        "mlagents_envs_version": "0.23.0",
        "communication_protocol_version": "1.3.0",
        "pytorch_version": "1.7.0+cu110",
        "numpy_version": "1.18.5",
        "end_time_seconds": "1611847857"
    },
    "total": 5.8501902999999995,
    "count": 1,
    "self": 0.013626399999998817,
    "children": {
        "run_training.setup": {
            "total": 0.006116899999999981,
            "count": 1,
            "self": 0.006116899999999981
        },
        "TrainerController.start_learning": {
            "total": 5.830447,
            "count": 1,
            "self": 0.004339699999987623,
            "children": {
                "TrainerController._reset_env": {
                    "total": 3.9978151000000004,
                    "count": 1,
                    "self": 3.9978151000000004
                },
                "TrainerController.advance": {
                    "total": 1.7543599000000123,
                    "count": 135,
                    "self": 0.0014804000000117057,
                    "children": {
                        "env_step": {
                            "total": 1.7528795000000006,
                            "count": 135,
                            "self": 1.1528517999999996,
                            "children": {
                                "SubprocessEnvManager._take_step": {
                                    "total": 0.5987628000000029,
                                    "count": 135,
                                    "self": 0.007351499999996847,
                                    "children": {
                                        "TorchPolicy.evaluate": {
                                            "total": 0.5914113000000061,
                                            "count": 117,
                                            "self": 0.07573270000000853,
                                            "children": {
                                                "TorchPolicy.sample_actions": {
                                                    "total": 0.5156785999999975,
                                                    "count": 117,
                                                    "self": 0.5156785999999975
                                                }
                                            }
                                        }
                                    }
                                },
                                "workers": {
                                    "total": 0.0012648999999980148,
                                    "count": 134,
                                    "self": 0.0,
                                    "children": {
                                        "worker_root": {
                                            "total": 2.8966020999999973,
                                            "count": 134,
                                            "is_parallel": true,
                                            "self": 1.9097216999999893,
                                            "children": {
                                                "steps_from_proto": {
                                                    "total": 0.0007937999999998446,
                                                    "count": 1,
                                                    "is_parallel": true,
                                                    "self": 0.0001529000000002334,
                                                    "children": {
                                                        "_process_vector_observation": {
                                                            "total": 0.0006408999999996112,
                                                            "count": 4,
                                                            "is_parallel": true,
                                                            "self": 0.0006408999999996112
                                                        }
                                                    }
                                                },
                                                "UnityEnvironment.step": {
                                                    "total": 0.9860866000000081,
                                                    "count": 134,
                                                    "is_parallel": true,
                                                    "self": 0.02173179999999242,
                                                    "children": {
                                                        "UnityEnvironment._generate_step_input": {
                                                            "total": 0.03255810000000636,
                                                            "count": 134,
                                                            "is_parallel": true,
                                                            "self": 0.03255810000000636
                                                        },
                                                        "communicator.exchange": {
                                                            "total": 0.8594458000000049,
                                                            "count": 134,
                                                            "is_parallel": true,
                                                            "self": 0.8594458000000049
                                                        },
                                                        "steps_from_proto": {
                                                            "total": 0.07235090000000444,
                                                            "count": 134,
                                                            "is_parallel": true,
                                                            "self": 0.011369100000019117,
                                                            "children": {
                                                                "_process_vector_observation": {
                                                                    "total": 0.06098179999998532,
                                                                    "count": 536,
                                                                    "is_parallel": true,
                                                                    "self": 0.06098179999998532
                                                                }
                                                            }
                                                        }
                                                    }
                                                }
                                            }
                                        }
                                    }
                                }
                            }
                        }
                    }
                },
                "trainer_threads": {
                    "total": 1.4499999999806334e-05,
                    "count": 1,
                    "self": 1.4499999999806334e-05,
                    "children": {
                        "thread_root": {
                            "total": 0.0,
                            "count": 0,
                            "is_parallel": true,
                            "self": 0.0,
                            "children": {
                                "trainer_advance": {
                                    "total": 1.7477401999999849,