{
    "name": "root",
    "gauges": {
        "MoveToTarget.Policy.Entropy.mean": {
            "value": 1.3815128803253174,
            "min": 1.3815128803253174,
            "max": 1.4160488843917847,
            "count": 10
        },
        "MoveToTarget.Environment.EpisodeLength.mean": {
            "value": 15526.0,
            "min": 160.50819672131146,
            "max": 15526.0,
            "count": 6
        },
        "MoveToTarget.Policy.ExtrinsicValueEstimate.mean": {
            "value": -0.0002674481365829706,
            "min": -0.01585177332162857,
            "max": 0.026835734024643898,
            "count": 10
        },
        "MoveToTarget.Environment.CumulativeReward.mean": {
            "value": -1.0,
            "min": -1.0,
            "max": -1.0,
            "count": 6
        },
        "MoveToTarget.Policy.ExtrinsicReward.mean": {
            "value": -1.0,
            "min": -1.0,
            "max": -1.0,
            "count": 6
        },
        "MoveToTarget.Losses.PolicyLoss.mean": {
            "value": 0.022530838412543136,
            "min": 0.0207578358038639,
            "max": 0.025899853397471213,
            "count": 10
        },
        "MoveToTarget.Losses.ValueLoss.mean": {
            "value": 5.058384837563306e-05,
            "min": 5.058384837563306e-05,
            "max": 0.03577874193433672,
            "count": 10
        },
        "MoveToTarget.Policy.LearningRate.mean": {
            "value": 1.5529054823680003e-05,
            "min": 1.5529054823680003e-05,
            "max": 0.00028459455513514997,
            "count": 10
        },
        "MoveToTarget.Policy.Epsilon.mean": {
            "value": 0.10517632000000002,
            "min": 0.10517632000000002,
            "max": 0.19486485000000006,
            "count": 10
        },
        "MoveToTarget.Policy.Beta.mean": {
            "value": 0.0002682983680000001,
            "min": 0.0002682983680000001,
            "max": 0.004743756015,
            "count": 10
        },
        "MoveToTarget.IsTraining.mean": {
            "value": 1.0,
            "min": 1.0,
            "max": 1.0,
            "count": 10
        }
    },
    "metadata": {
        "timer_format_version": "0.1.0",
        "start_time_seconds": "1611846692",
        "python_version": "3.7.9 (tags/v3.7.9:13c94747c7, Aug 17 2020, 18:58:18) [MSC v.1900 64 bit (AMD64)]",
        "command_line_arguments": "C:\\Users\\iamvk\\AppData\\Local\\Programs\\Python\\Python37\\Scripts\\mlagents-learn --run-id=Test45",
        "mlagents_version": "0.23.0",
        "mlagents_envs_version": "0.23.0",
        "communication_protocol_version": "1.3.0",
        "pytorch_version": "1.7.0+cu110",
        "numpy_version": "1.18.5",
        "end_time_seconds": "1611846954"
    },
    "total": 262.479353,
    "count": 1,
    "self": 0.005487900000048285,
    "children": {
        "run_training.setup": {
            "total": 0.00880700000000001,
            "count": 1,
            "self": 0.00880700000000001
        },
        "TrainerController.start_learning": {
            "total": 262.46505809999996,
            "count": 1,
            "self": 0.4494250999991891,
            "children": {
                "TrainerController._reset_env": {
                    "total": 3.1728916999999996,
                    "count": 1,
                    "self": 3.1728916999999996
                },
                "TrainerController.advance": {
                    "total": 258.78607270000083,
                    "count": 21054,
                    "self": 0.2393278000005239,
                    "children": {
                        "env_step": {
                            "total": 258.5467449000003,
                            "count": 21054,
                            "self": 185.30441619999925,
                            "children": {
                                "SubprocessEnvManager._take_step": {
                                    "total": 73.00260380000083,
                                    "count": 21054,
                                    "self": 1.3059872000011978,
                                    "children": {
                                        "TorchPolicy.evaluate": {
                                            "total": 71.69661659999963,
                                            "count": 20862,
                                            "self": 23.7841137000012,
                                            "children": {
                                                "TorchPolicy.sample_actions": {
                                                    "total": 47.91250289999843,
                                                    "count": 20862,
                                                    "self": 47.91250289999843
                                                }
                                            }
                                        }
                                    }
                                },
                                "workers": {
                                    "total": 0.23972490000024305,
                                    "count": 21054,
                                    "self": 0.0,
                                    "children": {
                                        "worker_root": {
                                            "total": 259.8996905999994,
                                            "count": 21054,
                                            "is_parallel": true,
                                            "self": 108.62781100000177,
                                            "children": {
                                                "steps_from_proto": {
                                                    "total": 0.0010536999999999352,
                                                    "count": 1,
                                                    "is_parallel": true,
                                                    "self": 0.00011049999999990234,
                                                    "children": {
                                                        "_process_vector_observation": {
                                                            "total": 0.0009432000000000329,
                                                            "count": 6,
                                                            "is_parallel": true,
                                                            "self": 0.0009432000000000329
                                                        }
                                                    }
                                                },
                                                "UnityEnvironment.step": {
                                                    "total": 151.27082589999765,
                                                    "count": 21054,
                                                    "is_parallel": true,
                                                    "self": 4.834921999998784,
                                                    "children": {
                                                        "UnityEnvironment._generate_step_input": {
                                                            "total": 5.854987999999954,
                                                            "count": 21054,
                                                            "is_parallel": true,
                                                            "self": 5.854987999999954
                                                        },
                                                        "communicator.exchange": {
                                                            "total": 121.42386660000058,
                                                            "count": 21054,
                                                            "is_parallel": true,