{
    "name": "root",
    "gauges": {
        "MoveToTarget.Policy.Entropy.mean": {
            "value": 1.4088703393936157,
            "min": 1.4088703393936157,
            "max": 1.4152708053588867,
            "count": 2
        },
        "MoveToTarget.Environment.EpisodeLength.mean": {
            "value": 742.3333333333334,
            "min": 160.63470319634703,
            "max": 742.3333333333334,
            "count": 2
        },
        "MoveToTarget.Policy.ExtrinsicValueEstimate.mean": {
            "value": -0.20549368858337402,
            "min": -0.41628777980804443,
            "max": -0.20549368858337402,
            "count": 2
        },
        "MoveToTarget.Environment.CumulativeReward.mean": {
            "value": -1.0,
            "min": -1.0,
            "max": -1.0,
            "count": 2
        },
        "MoveToTarget.Policy.ExtrinsicReward.mean": {
            "value": -1.0,
            "min": -1.0,
            "max": -1.0,
            "count": 2
        },
        "MoveToTarget.Losses.PolicyLoss.mean": {
            "value": 0.02110725314822048,
            "min": 0.02110725314822048,
            "max": 0.02333119532559067,
            "count": 2
        },
        "MoveToTarget.Losses.ValueLoss.mean": {
            "value": 0.0017913322755581857,
            "min": 0.0017913322755581857,
            "max": 0.011206526075451015,
            "count": 2
        },
        "MoveToTarget.Policy.LearningRate.mean": {
            "value": 0.00025674805441732,
            "min": 0.00025674805441732,
            "max": 0.00028453665515445,
            "count": 2
        },
        "MoveToTarget.Policy.Epsilon.mean": {
            "value": 0.18558268,
            "min": 0.18558268,
            "max": 0.1948455500000001,
            "count": 2
        },
        "MoveToTarget.Policy.Beta.mean": {
            "value": 0.004280575731999999,
            "min": 0.004280575731999999,
            "max": 0.004742792944999999,
            "count": 2
        },
        "MoveToTarget.IsTraining.mean": {
            "value": 1.0,
            "min": 1.0,
            "max": 1.0,
            "count": 2
        }
    },
    "metadata": {
        "timer_format_version": "0.1.0",
        "start_time_seconds": "1611844389",
        "python_version": "3.7.9 (tags/v3.7.9:13c94747c7, Aug 17 2020, 18:58:18) [MSC v.1900 64 bit (AMD64)]",
        "command_line_arguments": "C:\\Users\\iamvk\\AppData\\Local\\Programs\\Python\\Python37\\Scripts\\mlagents-learn --run-id=Test35",
        "mlagents_version": "0.23.0",
        "mlagents_envs_version": "0.23.0",
        "communication_protocol_version": "1.3.0",
        "pytorch_version": "1.7.0+cu110",
        "numpy_version": "1.18.5",
        "end_time_seconds": "1611844443"
    },
    "total": 54.3808277,
    "count": 1,
    "self": 0.002861799999998027,
    "children": {
        "run_training.setup": {
            "total": 0.005959699999999901,
            "count": 1,
            "self": 0.005959699999999901
        },
        "TrainerController.start_learning": {
            "total": 54.3720062,
            "count": 1,
            "self": 0.10658610000018598,
            "children": {
                "TrainerController._reset_env": {
                    "total": 4.1449067,
                    "count": 1,
                    "self": 4.1449067
                },
                "TrainerController.advance": {
                    "total": 50.04691549999981,
                    "count": 4709,
                    "self": 0.0561872999997064,
                    "children": {
                        "env_step": {
                            "total": 49.990728200000106,
                            "count": 4709,
                            "self": 34.62023420000006,
                            "children": {
                                "SubprocessEnvManager._take_step": {
                                    "total": 15.316158100000058,
                                    "count": 4709,
                                    "self": 0.30115159999965435,
                                    "children": {
                                        "TorchPolicy.evaluate": {
                                            "total": 15.015006500000403,
                                            "count": 4551,
                                            "self": 4.409886300000512,
                                            "children": {
                                                "TorchPolicy.sample_actions": {
                                                    "total": 10.605120199999892,
                                                    "count": 4551,
                                                    "self": 10.605120199999892
                                                }
                                            }
                                        }
                                    }
                                },
                                "workers": {
                                    "total": 0.05433589999998478,
                                    "count": 4708,
                                    "self": 0.0,
                                    "children": {
                                        "worker_root": {
                                            "total": 51.19930660000001,
                                            "count": 4708,
                                            "is_parallel": true,
                                            "self": 24.297793299999952,
                                            "children": {
                                                "steps_from_proto": {
                                                    "total": 0.0006471000000001226,
                                                    "count": 1,
                                                    "is_parallel": true,
                                                    "self": 0.00010110000000018715,
                                                    "children": {
                                                        "_process_vector_observation": {
                                                            "total": 0.0005459999999999354,
                                                            "count": 4,
                                                            "is_parallel": true,
                                                            "self": 0.0005459999999999354
                                                        }
                                                    }
                                                },
                                                "UnityEnvironment.step": {
                                                    "total": 26.900866200000053,
                                                    "count": 4708,
                                                    "is_parallel": true,
                                                    "self": 0.7960162000003379,
                                                    "children": {
                                                        "UnityEnvironment._generate_step_input": {
                                                            "total": 1.2978604999998673,
                                                            "count": 4708,
                                                            "is_parallel": true,
                                                            "self": 1.2978604999998673
                                                        },
                                                        "communicator.exchange": {
                                                            "total": 22.22078900000004,
                                                            "count": 4708,
                                                            "is_parallel": true,