{
    "name": "root",
    "gauges": {
        "MoveToTarget.Policy.Entropy.mean": {
            "value": 1.403246283531189,
            "min": 1.403246283531189,
            "max": 1.4150134325027466,
            "count": 3
        },
        "MoveToTarget.Environment.EpisodeLength.mean": {
            "value": 3302.0,
            "min": 117.41076487252124,
            "max": 3302.0,
            "count": 3
        },
        "MoveToTarget.Policy.ExtrinsicValueEstimate.mean": {
            "value": -0.11158324778079987,
            "min": -0.36570367217063904,
            "max": -0.11158324778079987,
            "count": 3
        },
        "MoveToTarget.Environment.CumulativeReward.mean": {
            "value": -0.5,
            "min": -0.5,
            "max": -0.5,
            "count": 3
        },
        "MoveToTarget.Policy.ExtrinsicReward.mean": {
            "value": -0.5,
            "min": -0.5,
            "max": -0.5,
            "count": 3
        },
        "MoveToTarget.Losses.PolicyLoss.mean": {
            "value": 0.023856391174097855,
            "min": 0.023856391174097855,
            "max": 0.02446433315674464,
            "count": 3
        },
        "MoveToTarget.Losses.ValueLoss.mean": {
            "value": 0.0003026626272670304,
            "min": 0.0003026626272670304,
            "max": 0.0075776706701920675,
            "count": 3
        },
        "MoveToTarget.Policy.LearningRate.mean": {
            "value": 0.0002259426246858,
            "min": 0.0002259426246858,
            "max": 0.00028458675513775,
            "count": 3
        },
        "MoveToTarget.Policy.Epsilon.mean": {
            "value": 0.17531420000000003,
            "min": 0.17531420000000003,
            "max": 0.19486225000000001,
            "count": 3
        },
        "MoveToTarget.Policy.Beta.mean": {
            "value": 0.003768178580000001,
            "min": 0.003768178580000001,
            "max": 0.004743626274999999,
            "count": 3
        },
        "MoveToTarget.IsTraining.mean": {
            "value": 1.0,
            "min": 1.0,
            "max": 1.0,
            "count": 3
        }
    },
    "metadata": {
        "timer_format_version": "0.1.0",
        "start_time_seconds": "1611847731",
        "python_version": "3.7.9 (tags/v3.7.9:13c94747c7, Aug 17 2020, 18:58:18) [MSC v.1900 64 bit (AMD64)]",
        "command_line_arguments": "C:\\Users\\iamvk\\AppData\\Local\\Programs\\Python\\Python37\\Scripts\\mlagents-learn --run-id=Test50",
        "mlagents_version": "0.23.0",
        "mlagents_envs_version": "0.23.0",
        "communication_protocol_version": "1.3.0",
        "pytorch_version": "1.7.0+cu110",
        "numpy_version": "1.18.5",
        "end_time_seconds": "1611847833"
    },
    "total": 101.1154831,
    "count": 1,
    "self": 0.004028500000003987,
    "children": {
        "run_training.setup": {
            "total": 0.006453099999999989,
            "count": 1,
            "self": 0.006453099999999989
        },
        "TrainerController.start_learning": {
            "total": 101.1050015,
            "count": 1,
            "self": 0.933843300000305,
            "children": {
                "TrainerController._reset_env": {
                    "total": 3.2465542999999997,
                    "count": 1,
                    "self": 3.2465542999999997
                },
                "TrainerController.advance": {
                    "total": 96.8530550999997,
                    "count": 8460,
                    "self": 0.10124129999985598,
                    "children": {
                        "env_step": {
                            "total": 96.75181379999984,
                            "count": 8460,
                            "self": 69.29575769999985,
                            "children": {
                                "SubprocessEnvManager._take_step": {
                                    "total": 27.360283599999995,
                                    "count": 8460,
                                    "self": 0.5167460000005057,
                                    "children": {
                                        "TorchPolicy.evaluate": {
                                            "total": 26.84353759999949,
                                            "count": 8174,
                                            "self": 7.8579115999992375,
                                            "children": {
                                                "TorchPolicy.sample_actions": {
                                                    "total": 18.985626000000252,
                                                    "count": 8174,
                                                    "self": 18.985626000000252
                                                }
                                            }
                                        }
                                    }
                                },
                                "workers": {
                                    "total": 0.09577249999999005,
                                    "count": 8459,
                                    "self": 0.0,
                                    "children": {
                                        "worker_root": {
                                            "total": 97.98278530000009,
                                            "count": 8459,
                                            "is_parallel": true,
                                            "self": 41.78513859999964,
                                            "children": {
                                                "steps_from_proto": {
                                                    "total": 0.0007576000000000249,
                                                    "count": 1,
                                                    "is_parallel": true,
                                                    "self": 0.00014469999999988659,
                                                    "children": {
                                                        "_process_vector_observation": {
                                                            "total": 0.0006129000000001383,
                                                            "count": 4,
                                                            "is_parallel": true,
                                                            "self": 0.0006129000000001383
                                                        }
                                                    }
                                                },
                                                "UnityEnvironment.step": {
                                                    "total": 56.19688910000045,
                                                    "count": 8459,
                                                    "is_parallel": true,
                                                    "self": 1.4264404000010913,
                                                    "children": {
                                                        "UnityEnvironment._generate_step_input": {
                                                            "total": 2.324164299999566,
                                                            "count": 8459,
                                                            "is_parallel": true,
                                                            "self": 2.324164299999566
                                                        },
                                                        "communicator.exchange": {
                                                            "total": 47.50416910000018,
                                                            "count": 8459,
                                                            "is_parallel": true,